X,CH1,Start,Increment,
Sequence,Volt,-3.000000e-06,1.000000e-09
0,-2.16e+00,
1,-2.16e+00,
2,-2.20e+00,
3,-2.12e+00,
4,-2.16e+00,
5,-2.12e+00,
6,-2.00e+00,
7,-2.00e+00,
8,-2.04e+00,
9,-2.16e+00,
10,-2.32e+00,
11,-2.36e+00,
12,-2.36e+00,
13,-2.24e+00,
14,-2.16e+00,
15,-2.04e+00,
16,-1.88e+00,
17,-1.80e+00,
18,-1.80e+00,
19,-1.80e+00,
20,-1.88e+00,
21,-1.96e+00,
22,-2.00e+00,
23,-2.04e+00,
24,-2.04e+00,
25,-2.00e+00,
26,-2.04e+00,
27,-2.00e+00,
28,-2.12e+00,
29,-2.16e+00,
30,-2.20e+00,
31,-2.24e+00,
32,-2.20e+00,
33,-2.16e+00,
34,-2.20e+00,
35,-2.16e+00,
36,-2.16e+00,
37,-2.12e+00,
38,-2.12e+00,
39,-2.12e+00,
40,-2.12e+00,
41,-2.04e+00,
42,-2.12e+00,
43,-2.04e+00,
44,-2.04e+00,
45,-2.00e+00,
46,-1.96e+00,
47,-1.96e+00,
48,-1.84e+00,
49,-1.84e+00,
50,-2.00e+00,
51,-2.04e+00,
52,-2.24e+00,
53,-2.32e+00,
54,-2.32e+00,
55,-2.24e+00,
56,-2.16e+00,
57,-2.04e+00,
58,-2.00e+00,
59,-1.88e+00,
60,-1.96e+00,
61,-1.96e+00,
62,-2.00e+00,
63,-2.04e+00,
64,-2.12e+00,
65,-2.12e+00,
66,-2.16e+00,
67,-2.00e+00,
68,-2.04e+00,
69,-2.04e+00,
70,-2.04e+00,
71,-2.16e+00,
72,-2.16e+00,
73,-2.16e+00,
74,-2.16e+00,
75,-2.12e+00,
76,-2.04e+00,
77,-2.00e+00,
78,-1.96e+00,
79,-1.96e+00,
80,-1.88e+00,
81,-1.88e+00,
82,-2.00e+00,
83,-2.00e+00,
84,-2.12e+00,
85,-2.04e+00,
86,-2.04e+00,
87,-2.04e+00,
88,-2.00e+00,
89,-1.88e+00,
90,-2.00e+00,
91,-2.04e+00,
92,-2.24e+00,
93,-2.36e+00,
94,-2.48e+00,
95,-2.48e+00,
96,-2.40e+00,
97,-2.24e+00,
98,-2.20e+00,
99,-2.04e+00,
100,-2.04e+00,
101,-2.00e+00,
102,-2.00e+00,
103,-2.04e+00,
104,-2.12e+00,
105,-2.12e+00,
106,-2.16e+00,
107,-2.04e+00,
108,-2.04e+00,
109,-1.96e+00,
110,-1.96e+00,
111,-1.96e+00,
112,-2.00e+00,
113,-2.00e+00,
114,-2.04e+00,
115,-2.00e+00,
116,-2.00e+00,
117,-1.96e+00,
118,-1.96e+00,
119,-1.88e+00,
120,-1.88e+00,
121,-1.88e+00,
122,-2.00e+00,
123,-2.04e+00,
124,-2.16e+00,
125,-2.20e+00,
126,-2.20e+00,
127,-2.16e+00,
128,-2.12e+00,
129,-2.04e+00,
130,-2.04e+00,
131,-1.96e+00,
132,-2.00e+00,
133,-2.04e+00,
134,-2.16e+00,
135,-2.24e+00,
136,-2.32e+00,
137,-2.32e+00,
138,-2.32e+00,
139,-2.20e+00,
140,-2.16e+00,
141,-2.00e+00,
142,-1.88e+00,
143,-1.84e+00,
144,-1.80e+00,
145,-1.80e+00,
146,-1.88e+00,
147,-1.88e+00,
148,-2.00e+00,
149,-1.96e+00,
150,-1.96e+00,
151,-2.00e+00,
152,-2.04e+00,
153,-2.12e+00,
154,-2.24e+00,
155,-2.24e+00,
156,-2.32e+00,
157,-2.20e+00,
158,-2.16e+00,
159,-2.16e+00,
160,-2.12e+00,
161,-2.04e+00,
162,-2.12e+00,
163,-2.04e+00,
164,-2.16e+00,
165,-2.12e+00,
166,-2.12e+00,
167,-2.12e+00,
168,-2.04e+00,
169,-2.00e+00,
170,-2.04e+00,
171,-1.96e+00,
172,-1.88e+00,
173,-1.88e+00,
174,-2.00e+00,
175,-2.12e+00,
176,-2.20e+00,
177,-2.24e+00,
178,-2.32e+00,
179,-2.16e+00,
180,-2.12e+00,
181,-1.96e+00,
182,-1.88e+00,
183,-1.84e+00,
184,-1.84e+00,
185,-1.88e+00,
186,-2.04e+00,
187,-2.12e+00,
188,-2.20e+00,
189,-2.20e+00,
190,-2.12e+00,
191,-2.04e+00,
192,-2.00e+00,
193,-2.00e+00,
194,-2.04e+00,
195,-2.04e+00,
196,-2.16e+00,
197,-2.12e+00,
198,-2.12e+00,
199,-2.04e+00,
200,-2.00e+00,
201,-1.96e+00,
202,-1.96e+00,
203,-1.88e+00,
204,-1.96e+00,
205,-1.96e+00,
206,-2.00e+00,
207,-2.04e+00,
208,-2.04e+00,
209,-2.04e+00,
210,-2.12e+00,
211,-2.04e+00,
212,-2.04e+00,
213,-1.96e+00,
214,-1.96e+00,
215,-2.00e+00,
216,-2.12e+00,
217,-2.20e+00,
218,-2.40e+00,
219,-2.40e+00,
220,-2.48e+00,
221,-2.36e+00,
222,-2.24e+00,
223,-2.16e+00,
224,-2.00e+00,
225,-1.88e+00,
226,-1.96e+00,
227,-1.88e+00,
228,-1.96e+00,
229,-2.00e+00,
230,-2.00e+00,
231,-2.04e+00,
232,-1.96e+00,
233,-1.88e+00,
234,-1.96e+00,
235,-1.88e+00,
236,-2.04e+00,
237,-2.12e+00,
238,-2.20e+00,
239,-2.20e+00,
240,-2.16e+00,
241,-2.04e+00,
242,-2.04e+00,
243,-1.96e+00,
244,-1.96e+00,
245,-1.88e+00,
246,-1.88e+00,
247,-1.96e+00,
248,-2.04e+00,
249,-2.12e+00,
250,-2.20e+00,
251,-2.16e+00,
252,-2.20e+00,
253,-2.12e+00,
254,-2.00e+00,
255,-1.96e+00,
256,-1.96e+00,
257,-2.00e+00,
258,-2.16e+00,
259,-2.24e+00,
260,-2.36e+00,
261,-2.32e+00,
262,-2.20e+00,
263,-2.12e+00,
264,-1.96e+00,
265,-1.84e+00,
266,-1.80e+00,
267,-1.72e+00,
268,-1.84e+00,
269,-1.88e+00,
270,-1.96e+00,
271,-2.04e+00,
272,-2.04e+00,
273,-2.00e+00,
274,-2.00e+00,
275,-1.96e+00,
276,-2.00e+00,
277,-2.04e+00,
278,-2.16e+00,
279,-2.20e+00,
280,-2.20e+00,
281,-2.16e+00,
282,-2.20e+00,
283,-2.16e+00,
284,-2.20e+00,
285,-2.12e+00,
286,-2.12e+00,
287,-2.12e+00,
288,-2.12e+00,
289,-2.12e+00,
290,-2.16e+00,
291,-2.12e+00,
292,-2.16e+00,
293,-2.04e+00,
294,-2.00e+00,
295,-1.96e+00,
296,-1.88e+00,
297,-1.80e+00,
298,-1.88e+00,
299,-1.96e+00,
300,-2.12e+00,
301,-2.20e+00,
302,-2.24e+00,
303,-2.24e+00,
304,-2.20e+00,
305,-2.04e+00,
306,-2.00e+00,
307,-1.84e+00,
308,-1.84e+00,
309,-1.80e+00,
310,-1.84e+00,
311,-1.96e+00,
312,-2.00e+00,
313,-2.04e+00,
314,-2.12e+00,
315,-2.00e+00,
316,-2.04e+00,
317,-2.00e+00,
318,-2.04e+00,
319,-2.12e+00,
320,-2.16e+00,
321,-2.16e+00,
322,-2.24e+00,
323,-2.16e+00,
324,-2.16e+00,
325,-2.04e+00,
326,-1.96e+00,
327,-1.88e+00,
328,-1.84e+00,
329,-1.80e+00,
330,-1.88e+00,
331,-1.88e+00,
332,-2.00e+00,
333,-2.00e+00,
334,-2.04e+00,
335,-2.04e+00,
336,-2.00e+00,
337,-1.88e+00,
338,-1.88e+00,
339,-1.88e+00,
340,-2.12e+00,
341,-2.20e+00,
342,-2.36e+00,
343,-2.48e+00,
344,-2.40e+00,
345,-2.32e+00,
346,-2.24e+00,
347,-2.12e+00,
348,-2.04e+00,
349,-1.96e+00,
350,-1.96e+00,
351,-1.96e+00,
352,-2.00e+00,
353,-2.04e+00,
354,-2.16e+00,
355,-2.12e+00,
356,-2.04e+00,
357,-1.96e+00,
358,-1.96e+00,
359,-1.96e+00,
360,-1.96e+00,
361,-1.96e+00,
362,-2.04e+00,
363,-2.00e+00,
364,-2.04e+00,
365,-2.00e+00,
366,-1.96e+00,
367,-1.96e+00,
368,-1.88e+00,
369,-1.88e+00,
370,-1.96e+00,
371,-1.96e+00,
372,-2.12e+00,
373,-2.16e+00,
374,-2.20e+00,
375,-2.20e+00,
376,-2.16e+00,
377,-2.12e+00,
378,-2.12e+00,
379,-2.00e+00,
380,-2.00e+00,
381,-2.04e+00,
382,-2.04e+00,
383,-2.20e+00,
384,-2.24e+00,
385,-2.32e+00,
386,-2.40e+00,
387,-2.24e+00,
388,-2.20e+00,
389,-2.00e+00,
390,-1.96e+00,
391,-1.88e+00,
392,-1.80e+00,
393,-1.80e+00,
394,-1.84e+00,
395,-1.84e+00,
396,-1.96e+00,
397,-2.00e+00,
398,-1.96e+00,
399,-1.96e+00,
400,-2.00e+00,
401,-2.00e+00,
402,-2.16e+00,
403,-2.20e+00,
404,-2.24e+00,
405,-2.20e+00,
406,-2.20e+00,
407,-2.16e+00,
408,-2.16e+00,
409,-2.12e+00,
410,-2.16e+00,
411,-2.04e+00,
412,-2.12e+00,
413,-2.12e+00,
414,-2.12e+00,
415,-2.12e+00,
416,-2.04e+00,
417,-2.00e+00,
418,-2.04e+00,
419,-1.96e+00,
420,-1.96e+00,
421,-1.88e+00,
422,-1.88e+00,
423,-2.00e+00,
424,-2.16e+00,
425,-2.24e+00,
426,-2.36e+00,
427,-2.24e+00,
428,-2.20e+00,
429,-2.04e+00,
430,-1.96e+00,
431,-1.88e+00,
432,-1.84e+00,
433,-1.84e+00,
434,-1.96e+00,
435,-2.00e+00,
436,-2.16e+00,
437,-2.16e+00,
438,-2.16e+00,
439,-2.12e+00,
440,-2.04e+00,
441,-2.00e+00,
442,-2.04e+00,
443,-2.04e+00,
444,-2.16e+00,
445,-2.12e+00,
446,-2.12e+00,
447,-2.12e+00,
448,-2.04e+00,
449,-2.00e+00,
450,-2.00e+00,
451,-1.96e+00,
452,-1.96e+00,
453,-1.96e+00,
454,-2.00e+00,
455,-2.04e+00,
456,-2.04e+00,
457,-2.04e+00,
458,-2.12e+00,
459,-2.04e+00,
460,-2.12e+00,
461,-2.00e+00,
462,-1.96e+00,
463,-1.96e+00,
464,-2.00e+00,
465,-2.12e+00,
466,-2.32e+00,
467,-2.40e+00,
468,-2.52e+00,
469,-2.48e+00,
470,-2.36e+00,
471,-2.20e+00,
472,-2.12e+00,
473,-1.96e+00,
474,-1.96e+00,
475,-1.88e+00,
476,-2.00e+00,
477,-2.00e+00,
478,-2.04e+00,
479,-2.12e+00,
480,-2.04e+00,
481,-1.96e+00,
482,-2.00e+00,
483,-1.88e+00,
484,-2.00e+00,
485,-2.04e+00,
486,-2.16e+00,
487,-2.20e+00,
488,-2.16e+00,
489,-2.12e+00,
490,-2.12e+00,
491,-1.96e+00,
492,-1.96e+00,
493,-1.84e+00,
494,-1.84e+00,
495,-1.88e+00,
496,-1.96e+00,
497,-2.00e+00,
498,-2.16e+00,
499,-2.16e+00,
500,-2.20e+00,
501,-2.12e+00,
502,-2.04e+00,
503,-2.00e+00,
504,-1.96e+00,
505,-1.96e+00,
506,-2.04e+00,
507,-2.16e+00,
508,-2.32e+00,
509,-2.36e+00,
510,-2.24e+00,
511,-2.20e+00,
512,-2.04e+00,
513,-1.88e+00,
514,-1.84e+00,
515,-1.72e+00,
516,-1.80e+00,
517,-1.84e+00,
518,-1.96e+00,
519,-2.04e+00,
520,-2.04e+00,
521,-2.04e+00,
522,-2.04e+00,
523,-2.00e+00,
524,-2.04e+00,
525,-2.00e+00,
526,-2.04e+00,
527,-2.16e+00,
528,-2.16e+00,
529,-2.16e+00,
530,-2.20e+00,
531,-2.16e+00,
532,-2.16e+00,
533,-2.12e+00,
534,-2.04e+00,
535,-2.04e+00,
536,-2.04e+00,
537,-2.00e+00,
538,-2.12e+00,
539,-2.12e+00,
540,-2.16e+00,
541,-2.12e+00,
542,-2.04e+00,
543,-2.04e+00,
544,-1.96e+00,
545,-1.84e+00,
546,-1.88e+00,
547,-1.88e+00,
548,-2.04e+00,
549,-2.16e+00,
550,-2.24e+00,
551,-2.32e+00,
552,-2.24e+00,
553,-2.16e+00,
554,-2.16e+00,
555,-2.04e+00,
556,-2.00e+00,
557,-1.96e+00,
558,-1.88e+00,
559,-1.88e+00,
560,-1.96e+00,
561,-1.96e+00,
562,-2.00e+00,
563,-1.96e+00,
564,-2.00e+00,
565,-1.96e+00,
566,-2.00e+00,
567,-2.12e+00,
568,-2.16e+00,
569,-2.16e+00,
570,-2.16e+00,
571,-2.04e+00,
572,-2.04e+00,
573,-1.96e+00,
574,-1.96e+00,
575,-1.88e+00,
576,-1.88e+00,
577,-1.88e+00,
578,-1.96e+00,
579,-1.96e+00,
580,-2.04e+00,
581,-2.04e+00,
582,-2.00e+00,
583,-2.00e+00,
584,-2.00e+00,
585,-1.96e+00,
586,-1.96e+00,
587,-1.88e+00,
588,-2.04e+00,
589,-2.16e+00,
590,-2.32e+00,
591,-2.48e+00,
592,-2.48e+00,
593,-2.36e+00,
594,-2.32e+00,
595,-2.16e+00,
596,-2.12e+00,
597,-2.00e+00,
598,-1.96e+00,
599,-1.96e+00,
600,-1.96e+00,
601,-2.00e+00,
602,-2.12e+00,
603,-2.04e+00,
604,-2.12e+00,
605,-2.00e+00,
606,-1.88e+00,
607,-1.88e+00,
608,-1.88e+00,
609,-1.88e+00,
610,-2.00e+00,
611,-2.00e+00,
612,-2.04e+00,
613,-2.00e+00,
614,-1.96e+00,
615,-1.96e+00,
616,-1.96e+00,
617,-1.88e+00,
618,-1.96e+00,
619,-1.96e+00,
620,-2.04e+00,
621,-2.12e+00,
622,-2.16e+00,
623,-2.20e+00,
624,-2.16e+00,
625,-2.12e+00,
626,-2.16e+00,
627,-2.00e+00,
628,-2.00e+00,
629,-1.96e+00,
630,-2.00e+00,
631,-2.12e+00,
632,-2.20e+00,
633,-2.24e+00,
634,-2.36e+00,
635,-2.20e+00,
636,-2.16e+00,
637,-1.96e+00,
638,-1.84e+00,
639,-1.80e+00,
640,-1.72e+00,
641,-1.72e+00,
642,-1.84e+00,
643,-1.88e+00,
644,-2.00e+00,
645,-2.00e+00,
646,-2.00e+00,
647,-2.00e+00,
648,-1.96e+00,
649,-1.96e+00,
650,-2.04e+00,
651,-2.12e+00,
652,-2.20e+00,
653,-2.24e+00,
654,-2.24e+00,
655,-2.24e+00,
656,-2.20e+00,
657,-2.16e+00,
658,-2.16e+00,
659,-2.04e+00,
660,-2.12e+00,
661,-2.04e+00,
662,-2.04e+00,
663,-2.12e+00,
664,-2.12e+00,
665,-2.04e+00,
666,-2.12e+00,
667,-2.00e+00,
668,-2.00e+00,
669,-1.88e+00,
670,-1.84e+00,
671,-1.88e+00,
672,-2.00e+00,
673,-2.12e+00,
674,-2.24e+00,
675,-2.20e+00,
676,-2.20e+00,
677,-2.04e+00,
678,-1.96e+00,
679,-1.84e+00,
680,-1.80e+00,
681,-1.72e+00,
682,-1.84e+00,
683,-1.88e+00,
684,-2.04e+00,
685,-2.16e+00,
686,-2.20e+00,
687,-2.20e+00,
688,-2.12e+00,
689,-2.04e+00,
690,-2.12e+00,
691,-2.00e+00,
692,-2.12e+00,
693,-2.12e+00,
694,-2.12e+00,
695,-2.12e+00,
696,-2.04e+00,
697,-2.00e+00,
698,-2.00e+00,
699,-1.88e+00,
700,-1.96e+00,
701,-1.88e+00,
702,-1.88e+00,
703,-1.96e+00,
704,-1.96e+00,
705,-1.96e+00,
706,-2.04e+00,
707,-2.00e+00,
708,-2.04e+00,
709,-2.00e+00,
710,-1.96e+00,
711,-1.88e+00,
712,-1.96e+00,
713,-2.00e+00,
714,-2.20e+00,
715,-2.32e+00,
716,-2.48e+00,
717,-2.48e+00,
718,-2.36e+00,
719,-2.24e+00,
720,-2.16e+00,
721,-2.00e+00,
722,-2.00e+00,
723,-1.88e+00,
724,-1.96e+00,
725,-1.96e+00,
726,-2.00e+00,
727,-2.04e+00,
728,-2.04e+00,
729,-1.96e+00,
730,-1.96e+00,
731,-1.84e+00,
732,-1.88e+00,
733,-1.96e+00,
734,-2.04e+00,
735,-2.16e+00,
736,-2.16e+00,
737,-2.16e+00,
738,-2.16e+00,
739,-2.00e+00,
740,-2.00e+00,
741,-1.88e+00,
742,-1.84e+00,
743,-1.84e+00,
744,-1.84e+00,
745,-1.88e+00,
746,-2.04e+00,
747,-2.12e+00,
748,-2.20e+00,
749,-2.20e+00,
750,-2.16e+00,
751,-2.04e+00,
752,-1.96e+00,
753,-1.88e+00,
754,-2.00e+00,
755,-2.04e+00,
756,-2.24e+00,
757,-2.32e+00,
758,-2.32e+00,
759,-2.24e+00,
760,-2.16e+00,
761,-2.00e+00,
762,-1.88e+00,
763,-1.80e+00,
764,-1.80e+00,
765,-1.80e+00,
766,-1.84e+00,
767,-1.96e+00,
768,-2.00e+00,
769,-2.00e+00,
770,-2.04e+00,
771,-1.96e+00,
772,-2.00e+00,
773,-1.96e+00,
774,-2.00e+00,
775,-2.04e+00,
776,-2.12e+00,
777,-2.12e+00,
778,-2.20e+00,
779,-2.16e+00,
780,-2.20e+00,
781,-2.16e+00,
782,-2.12e+00,
783,-2.04e+00,
784,-2.04e+00,
785,-2.04e+00,
786,-2.16e+00,
787,-2.04e+00,
788,-2.16e+00,
789,-2.12e+00,
790,-2.04e+00,
791,-2.04e+00,
792,-2.00e+00,
793,-1.88e+00,
794,-1.84e+00,
795,-1.84e+00,
796,-2.00e+00,
797,-2.12e+00,
798,-2.20e+00,
799,-2.32e+00,
800,-2.32e+00,
801,-2.20e+00,
802,-2.16e+00,
803,-1.96e+00,
804,-1.88e+00,
805,-1.80e+00,
806,-1.72e+00,
807,-1.80e+00,
808,-1.88e+00,
809,-1.96e+00,
810,-2.12e+00,
811,-2.12e+00,
812,-2.12e+00,
813,-2.04e+00,
814,-2.00e+00,
815,-2.04e+00,
816,-2.12e+00,
817,-2.16e+00,
818,-2.24e+00,
819,-2.20e+00,
820,-2.24e+00,
821,-2.16e+00,
822,-2.12e+00,
823,-2.12e+00,
824,-2.00e+00,
825,-1.96e+00,
826,-1.96e+00,
827,-1.84e+00,
828,-1.88e+00,
829,-1.88e+00,
830,-1.96e+00,
831,-1.96e+00,
832,-1.96e+00,
833,-1.88e+00,
834,-2.00e+00,
835,-1.88e+00,
836,-2.04e+00,
837,-2.12e+00,
838,-2.20e+00,
839,-2.36e+00,
840,-2.40e+00,
841,-2.36e+00,
842,-2.36e+00,
843,-2.16e+00,
844,-2.04e+00,
845,-1.88e+00,
846,-1.80e+00,
847,-1.80e+00,
848,-1.80e+00,
849,-1.88e+00,
850,-2.04e+00,
851,-2.12e+00,
852,-2.16e+00,
853,-2.12e+00,
854,-2.04e+00,
855,-2.12e+00,
856,-2.12e+00,
857,-2.12e+00,
858,-2.20e+00,
859,-2.16e+00,
860,-2.20e+00,
861,-2.20e+00,
862,-2.16e+00,
863,-2.16e+00,
864,-2.04e+00,
865,-1.96e+00,
866,-1.96e+00,
867,-1.84e+00,
868,-1.96e+00,
869,-1.96e+00,
870,-1.96e+00,
871,-2.00e+00,
872,-2.00e+00,
873,-1.96e+00,
874,-2.00e+00,
875,-1.96e+00,
876,-1.96e+00,
877,-1.88e+00,
878,-1.88e+00,
879,-2.00e+00,
880,-2.16e+00,
881,-2.24e+00,
882,-2.36e+00,
883,-2.32e+00,
884,-2.32e+00,
885,-2.20e+00,
886,-2.04e+00,
887,-2.00e+00,
888,-1.88e+00,
889,-1.84e+00,
890,-1.88e+00,
891,-1.84e+00,
892,-1.96e+00,
893,-1.96e+00,
894,-2.00e+00,
895,-2.00e+00,
896,-1.96e+00,
897,-1.96e+00,
898,-2.04e+00,
899,-2.04e+00,
900,-2.16e+00,
901,-2.16e+00,
902,-2.16e+00,
903,-2.20e+00,
904,-2.16e+00,
905,-2.12e+00,
906,-2.16e+00,
907,-2.04e+00,
908,-2.12e+00,
909,-2.04e+00,
910,-2.04e+00,
911,-2.12e+00,
912,-2.04e+00,
913,-2.04e+00,
914,-2.12e+00,
915,-2.00e+00,
916,-2.04e+00,
917,-1.96e+00,
918,-1.88e+00,
919,-1.88e+00,
920,-2.00e+00,
921,-2.04e+00,
922,-2.20e+00,
923,-2.20e+00,
924,-2.24e+00,
925,-2.16e+00,
926,-2.04e+00,
927,-1.96e+00,
928,-1.84e+00,
929,-1.80e+00,
930,-1.84e+00,
931,-1.84e+00,
932,-2.00e+00,
933,-2.04e+00,
934,-2.16e+00,
935,-2.20e+00,
936,-2.16e+00,
937,-2.04e+00,
938,-2.12e+00,
939,-2.04e+00,
940,-2.12e+00,
941,-2.12e+00,
942,-2.12e+00,
943,-2.12e+00,
944,-2.04e+00,
945,-2.00e+00,
946,-2.00e+00,
947,-1.96e+00,
948,-1.96e+00,
949,-1.88e+00,
950,-1.88e+00,
951,-1.96e+00,
952,-1.96e+00,
953,-1.96e+00,
954,-2.04e+00,
955,-2.00e+00,
956,-2.04e+00,
957,-2.00e+00,
958,-2.00e+00,
959,-1.96e+00,
960,-1.88e+00,
961,-1.88e+00,
962,-2.04e+00,
963,-2.16e+00,
964,-2.40e+00,
965,-2.40e+00,
966,-2.40e+00,
967,-2.36e+00,
968,-2.20e+00,
969,-2.04e+00,
970,-2.00e+00,
971,-1.88e+00,
972,-1.96e+00,
973,-1.88e+00,
974,-1.96e+00,
975,-2.04e+00,
976,-2.04e+00,
977,-2.00e+00,
978,-2.04e+00,
979,-1.96e+00,
980,-1.96e+00,
981,-1.96e+00,
982,-1.96e+00,
983,-2.04e+00,
984,-2.12e+00,
985,-2.16e+00,
986,-2.20e+00,
987,-2.16e+00,
988,-2.12e+00,
989,-2.00e+00,
990,-1.88e+00,
991,-1.84e+00,
992,-1.80e+00,
993,-1.80e+00,
994,-1.88e+00,
995,-1.96e+00,
996,-2.12e+00,
997,-2.16e+00,
998,-2.16e+00,
999,-2.16e+00,
1000,-2.04e+00,
1001,-1.88e+00,
1002,-1.96e+00,
1003,-1.96e+00,
1004,-2.12e+00,
1005,-2.20e+00,
1006,-2.24e+00,
1007,-2.32e+00,
1008,-2.20e+00,
1009,-2.04e+00,
1010,-2.04e+00,
1011,-1.88e+00,
1012,-1.96e+00,
1013,-1.88e+00,
1014,-1.96e+00,
1015,-2.00e+00,
1016,-2.00e+00,
1017,-2.00e+00,
1018,-2.12e+00,
1019,-2.00e+00,
1020,-2.00e+00,
1021,-1.88e+00,
1022,-1.84e+00,
1023,-1.84e+00,
1024,-1.84e+00,
1025,-1.88e+00,
1026,-2.00e+00,
1027,-1.96e+00,
1028,-2.04e+00,
1029,-2.00e+00,
1030,-1.96e+00,
1031,-2.00e+00,
1032,-2.00e+00,
1033,-2.00e+00,
1034,-2.12e+00,
1035,-2.12e+00,
1036,-2.20e+00,
1037,-2.20e+00,
1038,-2.20e+00,
1039,-2.20e+00,
1040,-2.16e+00,
1041,-2.04e+00,
1042,-2.00e+00,
1043,-1.88e+00,
1044,-2.00e+00,
1045,-2.04e+00,
1046,-2.16e+00,
1047,-2.24e+00,
1048,-2.20e+00,
1049,-2.16e+00,
1050,-2.12e+00,
1051,-1.96e+00,
1052,-1.88e+00,
1053,-1.84e+00,
1054,-1.80e+00,
1055,-1.80e+00,
1056,-1.80e+00,
1057,-1.84e+00,
1058,-2.00e+00,
1059,-2.00e+00,
1060,-2.12e+00,
1061,-2.00e+00,
1062,-2.00e+00,
1063,-2.00e+00,
1064,-2.04e+00,
1065,-2.12e+00,
1066,-2.24e+00,
1067,-2.24e+00,
1068,-2.32e+00,
1069,-2.20e+00,
1070,-2.12e+00,
1071,-2.04e+00,
1072,-1.96e+00,
1073,-1.84e+00,
1074,-1.88e+00,
1075,-1.84e+00,
1076,-1.88e+00,
1077,-1.96e+00,
1078,-2.00e+00,
1079,-2.04e+00,
1080,-2.04e+00,
1081,-2.00e+00,
1082,-2.00e+00,
1083,-1.88e+00,
1084,-1.88e+00,
1085,-1.88e+00,
1086,-2.00e+00,
1087,-2.20e+00,
1088,-2.32e+00,
1089,-2.36e+00,
1090,-2.40e+00,
1091,-2.32e+00,
1092,-2.20e+00,
1093,-2.04e+00,
1094,-1.96e+00,
1095,-1.88e+00,
1096,-1.84e+00,
1097,-1.84e+00,
1098,-2.00e+00,
1099,-2.00e+00,
1100,-2.12e+00,
1101,-2.12e+00,
1102,-2.00e+00,
1103,-1.96e+00,
1104,-1.96e+00,
1105,-1.88e+00,
1106,-2.00e+00,
1107,-2.00e+00,
1108,-2.04e+00,
1109,-2.04e+00,
1110,-2.00e+00,
1111,-2.04e+00,
1112,-2.00e+00,
1113,-1.96e+00,
1114,-2.00e+00,
1115,-1.96e+00,
1116,-2.00e+00,
1117,-2.00e+00,
1118,-2.04e+00,
1119,-2.12e+00,
1120,-2.12e+00,
1121,-2.12e+00,
1122,-2.16e+00,
1123,-2.12e+00,
1124,-2.12e+00,
1125,-2.00e+00,
1126,-1.96e+00,
1127,-2.00e+00,
1128,-2.12e+00,
1129,-2.20e+00,
1130,-2.36e+00,
1131,-2.36e+00,
1132,-2.36e+00,
1133,-2.20e+00,
1134,-2.04e+00,
1135,-1.88e+00,
1136,-1.80e+00,
1137,-1.68e+00,
1138,-1.72e+00,
1139,-1.72e+00,
1140,-1.84e+00,
1141,-1.88e+00,
1142,-1.96e+00,
1143,-1.96e+00,
1144,-1.88e+00,
1145,-1.88e+00,
1146,-1.96e+00,
1147,-1.96e+00,
1148,-2.12e+00,
1149,-2.16e+00,
1150,-2.24e+00,
1151,-2.32e+00,
1152,-2.32e+00,
1153,-2.24e+00,
1154,-2.24e+00,
1155,-2.16e+00,
1156,-2.12e+00,
1157,-2.00e+00,
1158,-2.00e+00,
1159,-2.04e+00,
1160,-2.04e+00,
1161,-2.04e+00,
1162,-2.16e+00,
1163,-2.12e+00,
1164,-2.12e+00,
1165,-2.04e+00,
1166,-1.88e+00,
1167,-1.84e+00,
1168,-1.88e+00,
1169,-1.96e+00,
1170,-2.12e+00,
1171,-2.16e+00,
1172,-2.24e+00,
1173,-2.20e+00,
1174,-2.12e+00,
1175,-2.00e+00,
1176,-1.88e+00,
1177,-1.80e+00,
1178,-1.80e+00,
1179,-1.72e+00,
1180,-1.88e+00,
1181,-1.96e+00,
1182,-2.04e+00,
1183,-2.12e+00,
1184,-2.16e+00,
1185,-2.12e+00,
1186,-2.16e+00,
1187,-2.04e+00,
1188,-2.12e+00,
1189,-2.04e+00,
1190,-2.12e+00,
1191,-2.12e+00,
1192,-2.12e+00,
1193,-2.04e+00,
1194,-2.04e+00,
1195,-2.00e+00,
1196,-2.04e+00,
1197,-1.96e+00,
1198,-1.96e+00,
1199,-1.96e+00,
1200,-1.96e+00,
1201,-1.96e+00,
1202,-2.04e+00,
1203,-2.00e+00,
1204,-2.04e+00,
1205,-2.00e+00,
1206,-2.00e+00,
1207,-1.96e+00,
1208,-1.88e+00,
1209,-1.84e+00,
1210,-2.00e+00,
1211,-2.04e+00,
1212,-2.24e+00,
1213,-2.36e+00,
1214,-2.40e+00,
1215,-2.40e+00,
1216,-2.32e+00,
1217,-2.20e+00,
1218,-2.16e+00,
1219,-2.04e+00,
1220,-2.04e+00,
1221,-1.96e+00,
1222,-1.96e+00,
1223,-2.00e+00,
1224,-2.00e+00,
1225,-2.00e+00,
1226,-2.04e+00,
1227,-1.96e+00,
1228,-2.00e+00,
1229,-1.96e+00,
1230,-2.00e+00,
1231,-2.04e+00,
1232,-2.00e+00,
1233,-2.00e+00,
1234,-2.00e+00,
1235,-1.96e+00,
1236,-1.96e+00,
1237,-1.88e+00,
1238,-1.88e+00,
1239,-1.88e+00,
1240,-1.88e+00,
1241,-1.88e+00,
1242,-2.00e+00,
1243,-2.00e+00,
1244,-2.04e+00,
1245,-2.12e+00,
1246,-2.12e+00,
1247,-2.12e+00,
1248,-2.04e+00,
1249,-1.96e+00,
1250,-2.00e+00,
1251,-2.00e+00,
1252,-2.16e+00,
1253,-2.24e+00,
1254,-2.36e+00,
1255,-2.36e+00,
1256,-2.24e+00,
1257,-2.16e+00,
1258,-2.04e+00,
1259,-1.88e+00,
1260,-1.84e+00,
1261,-1.80e+00,
1262,-1.80e+00,
1263,-1.84e+00,
1264,-1.88e+00,
1265,-1.96e+00,
1266,-2.04e+00,
1267,-2.00e+00,
1268,-2.00e+00,
1269,-1.96e+00,
1270,-1.96e+00,
1271,-2.00e+00,
1272,-2.00e+00,
1273,-2.00e+00,
1274,-2.12e+00,
1275,-2.12e+00,
1276,-2.16e+00,
1277,-2.16e+00,
1278,-2.16e+00,
1279,-2.16e+00,
1280,-2.12e+00,
1281,-2.04e+00,
1282,-2.16e+00,
1283,-2.12e+00,
1284,-2.20e+00,
1285,-2.16e+00,
1286,-2.16e+00,
1287,-2.12e+00,
1288,-2.12e+00,
1289,-2.00e+00,
1290,-2.00e+00,
1291,-1.88e+00,
1292,-1.96e+00,
1293,-2.00e+00,
1294,-2.04e+00,
1295,-2.20e+00,
1296,-2.20e+00,
1297,-2.16e+00,
1298,-2.16e+00,
1299,-2.00e+00,
1300,-2.00e+00,
1301,-1.88e+00,
1302,-1.80e+00,
1303,-1.80e+00,
1304,-1.80e+00,
1305,-1.80e+00,
1306,-1.96e+00,
1307,-1.96e+00,
1308,-2.12e+00,
1309,-2.04e+00,
1310,-2.00e+00,
1311,-2.04e+00,
1312,-2.00e+00,
1313,-2.04e+00,
1314,-2.16e+00,
1315,-2.16e+00,
1316,-2.24e+00,
1317,-2.24e+00,
1318,-2.24e+00,
1319,-2.24e+00,
1320,-2.16e+00,
1321,-2.00e+00,
1322,-2.00e+00,
1323,-1.84e+00,
1324,-1.84e+00,
1325,-1.84e+00,
1326,-1.84e+00,
1327,-1.88e+00,
1328,-1.88e+00,
1329,-1.96e+00,
1330,-2.00e+00,
1331,-1.88e+00,
1332,-1.88e+00,
1333,-1.88e+00,
1334,-1.96e+00,
1335,-2.04e+00,
1336,-2.20e+00,
1337,-2.32e+00,
1338,-2.40e+00,
1339,-2.36e+00,
1340,-2.36e+00,
1341,-2.20e+00,
1342,-2.04e+00,
1343,-2.00e+00,
1344,-1.88e+00,
1345,-1.84e+00,
1346,-1.96e+00,
1347,-1.96e+00,
1348,-2.04e+00,
1349,-2.12e+00,
1350,-2.04e+00,
1351,-2.00e+00,
1352,-1.96e+00,
1353,-1.88e+00,
1354,-1.96e+00,
1355,-1.88e+00,
1356,-1.96e+00,
1357,-1.96e+00,
1358,-1.96e+00,
1359,-1.96e+00,
1360,-1.96e+00,
1361,-1.96e+00,
1362,-2.00e+00,
1363,-1.96e+00,
1364,-2.00e+00,
1365,-1.96e+00,
1366,-2.00e+00,
1367,-2.00e+00,
1368,-2.04e+00,
1369,-2.04e+00,
1370,-2.16e+00,
1371,-2.16e+00,
1372,-2.20e+00,
1373,-2.12e+00,
1374,-2.00e+00,
1375,-2.00e+00,
1376,-2.00e+00,
1377,-2.04e+00,
1378,-2.20e+00,
1379,-2.20e+00,
1380,-2.24e+00,
1381,-2.20e+00,
1382,-2.12e+00,
1383,-2.12e+00,
1384,-2.00e+00,
1385,-1.88e+00,
1386,-1.84e+00,
1387,-1.72e+00,
1388,-1.72e+00,
1389,-1.72e+00,
1390,-1.80e+00,
1391,-1.84e+00,
1392,-1.84e+00,
1393,-1.84e+00,
1394,-2.00e+00,
1395,-2.00e+00,
1396,-2.12e+00,
1397,-2.12e+00,
1398,-2.12e+00,
1399,-2.16e+00,
1400,-2.16e+00,
1401,-2.16e+00,
1402,-2.20e+00,
1403,-2.12e+00,
1404,-2.16e+00,
1405,-2.12e+00,
1406,-2.04e+00,
1407,-2.04e+00,
1408,-2.04e+00,
1409,-2.04e+00,
1410,-2.12e+00,
1411,-2.04e+00,
1412,-2.12e+00,
1413,-2.04e+00,
1414,-2.00e+00,
1415,-1.96e+00,
1416,-1.96e+00,
1417,-1.96e+00,
1418,-2.16e+00,
1419,-2.20e+00,
1420,-2.32e+00,
1421,-2.20e+00,
1422,-2.12e+00,
1423,-1.96e+00,
1424,-1.84e+00,
1425,-1.80e+00,
1426,-1.80e+00,
1427,-1.68e+00,
1428,-1.80e+00,
1429,-1.84e+00,
1430,-1.88e+00,
1431,-2.04e+00,
1432,-2.12e+00,
1433,-2.04e+00,
1434,-2.04e+00,
1435,-2.00e+00,
1436,-2.04e+00,
1437,-2.04e+00,
1438,-2.12e+00,
1439,-2.16e+00,
1440,-2.12e+00,
1441,-2.04e+00,
1442,-2.12e+00,
1443,-2.00e+00,
1444,-2.04e+00,
1445,-1.96e+00,
1446,-1.88e+00,
1447,-1.88e+00,
1448,-1.88e+00,
1449,-1.88e+00,
1450,-2.00e+00,
1451,-2.00e+00,
1452,-2.04e+00,
1453,-2.00e+00,
1454,-1.96e+00,
1455,-1.96e+00,
1456,-1.88e+00,
1457,-1.84e+00,
1458,-1.88e+00,
1459,-1.96e+00,
1460,-2.16e+00,
1461,-2.20e+00,
1462,-2.32e+00,
1463,-2.36e+00,
1464,-2.36e+00,
1465,-2.24e+00,
1466,-2.24e+00,
1467,-2.16e+00,
1468,-2.12e+00,
1469,-2.00e+00,
1470,-1.96e+00,
1471,-1.96e+00,
1472,-1.96e+00,
1473,-1.96e+00,
1474,-2.04e+00,
1475,-1.96e+00,
1476,-2.00e+00,
1477,-2.00e+00,
1478,-2.04e+00,
1479,-2.04e+00,
1480,-2.04e+00,
1481,-2.00e+00,
1482,-2.04e+00,
1483,-1.88e+00,
1484,-1.96e+00,
1485,-1.88e+00,
1486,-1.88e+00,
1487,-1.88e+00,
1488,-1.88e+00,
1489,-1.88e+00,
1490,-1.96e+00,
1491,-1.96e+00,
1492,-2.00e+00,
1493,-2.00e+00,
1494,-2.00e+00,
1495,-2.04e+00,
1496,-2.04e+00,
1497,-2.00e+00,
1498,-2.04e+00,
1499,-2.04e+00,
1500,-2.16e+00,
1501,-2.24e+00,
1502,-2.36e+00,
1503,-2.36e+00,
1504,-2.24e+00,
1505,-2.12e+00,
1506,-2.00e+00,
1507,-1.88e+00,
1508,-1.88e+00,
1509,-1.80e+00,
1510,-1.80e+00,
1511,-1.84e+00,
1512,-1.88e+00,
1513,-1.88e+00,
1514,-2.00e+00,
1515,-1.96e+00,
1516,-1.88e+00,
1517,-1.88e+00,
1518,-1.96e+00,
1519,-2.00e+00,
1520,-2.04e+00,
1521,-2.12e+00,
1522,-2.16e+00,
1523,-2.12e+00,
1524,-2.16e+00,
1525,-2.12e+00,
1526,-2.12e+00,
1527,-2.12e+00,
1528,-2.12e+00,
1529,-2.04e+00,
1530,-2.12e+00,
1531,-2.12e+00,
1532,-2.16e+00,
1533,-2.16e+00,
1534,-2.16e+00,
1535,-2.16e+00,
1536,-2.04e+00,
1537,-2.00e+00,
1538,-2.00e+00,
1539,-1.88e+00,
1540,-1.88e+00,
1541,-1.88e+00,
1542,-1.96e+00,
1543,-2.12e+00,
1544,-2.20e+00,
1545,-2.20e+00,
1546,-2.24e+00,
1547,-2.12e+00,
1548,-2.04e+00,
1549,-1.96e+00,
1550,-1.84e+00,
1551,-1.80e+00,
1552,-1.72e+00,
1553,-1.72e+00,
1554,-1.88e+00,
1555,-1.88e+00,
1556,-2.04e+00,
1557,-2.12e+00,
1558,-2.12e+00,
1559,-2.12e+00,
1560,-2.12e+00,
1561,-2.04e+00,
1562,-2.16e+00,
1563,-2.16e+00,
1564,-2.20e+00,
1565,-2.16e+00,
1566,-2.04e+00,
1567,-2.04e+00,
1568,-2.00e+00,
1569,-1.96e+00,
1570,-1.96e+00,
1571,-1.84e+00,
1572,-1.88e+00,
1573,-1.84e+00,
1574,-1.88e+00,
1575,-1.96e+00,
1576,-1.96e+00,
1577,-1.96e+00,
1578,-2.00e+00,
1579,-1.96e+00,
1580,-2.00e+00,
1581,-1.96e+00,
1582,-1.96e+00,
1583,-2.04e+00,
1584,-2.16e+00,
1585,-2.32e+00,
1586,-2.40e+00,
1587,-2.32e+00,
1588,-2.24e+00,
1589,-2.12e+00,
1590,-2.04e+00,
1591,-2.04e+00,
1592,-1.96e+00,
1593,-1.88e+00,
1594,-1.96e+00,
1595,-2.00e+00,
1596,-2.12e+00,
1597,-2.16e+00,
1598,-2.16e+00,
1599,-2.04e+00,
1600,-1.96e+00,
1601,-1.88e+00,
1602,-1.96e+00,
1603,-1.96e+00,
1604,-2.04e+00,
1605,-2.00e+00,
1606,-2.00e+00,
1607,-2.00e+00,
1608,-1.96e+00,
1609,-1.88e+00,
1610,-1.96e+00,
1611,-1.88e+00,
1612,-1.96e+00,
1613,-1.88e+00,
1614,-1.88e+00,
1615,-2.00e+00,
1616,-2.00e+00,
1617,-2.00e+00,
1618,-2.12e+00,
1619,-2.04e+00,
1620,-2.12e+00,
1621,-2.04e+00,
1622,-2.00e+00,
1623,-1.96e+00,
1624,-2.00e+00,
1625,-2.04e+00,
1626,-2.20e+00,
1627,-2.24e+00,
1628,-2.36e+00,
1629,-2.32e+00,
1630,-2.20e+00,
1631,-2.16e+00,
1632,-2.04e+00,
1633,-1.96e+00,
1634,-1.88e+00,
1635,-1.80e+00,
1636,-1.80e+00,
1637,-1.80e+00,
1638,-1.84e+00,
1639,-1.88e+00,
1640,-1.96e+00,
1641,-1.88e+00,
1642,-1.96e+00,
1643,-1.96e+00,
1644,-2.04e+00,
1645,-2.12e+00,
1646,-2.12e+00,
1647,-2.12e+00,
1648,-2.00e+00,
1649,-1.96e+00,
1650,-2.04e+00,
1651,-2.00e+00,
1652,-2.12e+00,
1653,-2.04e+00,
1654,-2.04e+00,
1655,-2.04e+00,
1656,-2.04e+00,
1657,-2.04e+00,
1658,-2.12e+00,
1659,-2.04e+00,
1660,-2.12e+00,
1661,-2.04e+00,
1662,-2.00e+00,
1663,-1.96e+00,
1664,-1.88e+00,
1665,-1.96e+00,
1666,-2.16e+00,
1667,-2.20e+00,
1668,-2.32e+00,
1669,-2.24e+00,
1670,-2.16e+00,
1671,-2.00e+00,
1672,-1.88e+00,
1673,-1.84e+00,
1674,-1.84e+00,
1675,-1.72e+00,
1676,-1.80e+00,
1677,-1.84e+00,
1678,-1.96e+00,
1679,-2.00e+00,
1680,-2.00e+00,
1681,-1.96e+00,
1682,-2.00e+00,
1683,-2.00e+00,
1684,-2.12e+00,
1685,-2.12e+00,
1686,-2.12e+00,
1687,-2.16e+00,
1688,-2.16e+00,
1689,-2.12e+00,
1690,-2.16e+00,
1691,-2.04e+00,
1692,-2.04e+00,
1693,-2.00e+00,
1694,-1.96e+00,
1695,-1.96e+00,
1696,-1.96e+00,
1697,-1.96e+00,
1698,-2.00e+00,
1699,-1.96e+00,
1700,-2.00e+00,
1701,-1.96e+00,
1702,-1.96e+00,
1703,-1.96e+00,
1704,-1.88e+00,
1705,-1.80e+00,
1706,-1.88e+00,
1707,-1.88e+00,
1708,-2.04e+00,
1709,-2.16e+00,
1710,-2.24e+00,
1711,-2.32e+00,
1712,-2.32e+00,
1713,-2.24e+00,
1714,-2.24e+00,
1715,-2.12e+00,
1716,-2.04e+00,
1717,-1.96e+00,
1718,-1.96e+00,
1719,-1.96e+00,
1720,-2.00e+00,
1721,-2.00e+00,
1722,-2.12e+00,
1723,-2.12e+00,
1724,-2.12e+00,
1725,-2.04e+00,
1726,-2.00e+00,
1727,-2.04e+00,
1728,-2.00e+00,
1729,-2.00e+00,
1730,-2.12e+00,
1731,-2.12e+00,
1732,-2.20e+00,
1733,-2.16e+00,
1734,-2.12e+00,
1735,-2.00e+00,
1736,-1.88e+00,
1737,-1.72e+00,
1738,-1.72e+00,
1739,-1.68e+00,
1740,-1.80e+00,
1741,-1.80e+00,
1742,-1.88e+00,
1743,-2.00e+00,
1744,-2.04e+00,
1745,-2.04e+00,
1746,-2.12e+00,
1747,-2.00e+00,
1748,-2.04e+00,
1749,-2.12e+00,
1750,-2.20e+00,
1751,-2.32e+00,
1752,-2.24e+00,
1753,-2.20e+00,
1754,-2.16e+00,
1755,-2.00e+00,
1756,-2.00e+00,
1757,-1.96e+00,
1758,-1.84e+00,
1759,-1.80e+00,
1760,-1.80e+00,
1761,-1.84e+00,
1762,-1.96e+00,
1763,-2.00e+00,
1764,-2.04e+00,
1765,-1.88e+00,
1766,-1.88e+00,
1767,-1.96e+00,
1768,-1.96e+00,
1769,-2.00e+00,
1770,-2.12e+00,
1771,-2.04e+00,
1772,-2.12e+00,
1773,-2.04e+00,
1774,-2.04e+00,
1775,-2.12e+00,
1776,-2.04e+00,
1777,-2.00e+00,
1778,-2.04e+00,
1779,-2.00e+00,
1780,-2.12e+00,
1781,-2.12e+00,
1782,-2.16e+00,
1783,-2.16e+00,
1784,-2.12e+00,
1785,-2.04e+00,
1786,-2.04e+00,
1787,-2.00e+00,
1788,-1.96e+00,
1789,-1.88e+00,
1790,-1.96e+00,
1791,-2.00e+00,
1792,-2.12e+00,
1793,-2.16e+00,
1794,-2.32e+00,
1795,-2.20e+00,
1796,-2.16e+00,
1797,-2.00e+00,
1798,-1.88e+00,
1799,-1.84e+00,
1800,-1.80e+00,
1801,-1.72e+00,
1802,-1.84e+00,
1803,-1.84e+00,
1804,-1.96e+00,
1805,-2.00e+00,
1806,-2.04e+00,
1807,-2.04e+00,
1808,-2.04e+00,
1809,-2.04e+00,
1810,-2.16e+00,
1811,-2.12e+00,
1812,-2.20e+00,
1813,-2.16e+00,
1814,-2.12e+00,
1815,-2.04e+00,
1816,-2.00e+00,
1817,-1.96e+00,
1818,-1.96e+00,
1819,-1.88e+00,
1820,-1.88e+00,
1821,-1.84e+00,
1822,-1.88e+00,
1823,-1.88e+00,
1824,-1.88e+00,
1825,-1.88e+00,
1826,-2.00e+00,
1827,-1.96e+00,
1828,-2.00e+00,
1829,-1.96e+00,
1830,-1.96e+00,
1831,-2.00e+00,
1832,-2.16e+00,
1833,-2.24e+00,
1834,-2.36e+00,
1835,-2.24e+00,
1836,-2.24e+00,
1837,-2.12e+00,
1838,-2.04e+00,
1839,-2.04e+00,
1840,-1.96e+00,
1841,-1.88e+00,
1842,-1.96e+00,
1843,-1.96e+00,
1844,-2.12e+00,
1845,-2.04e+00,
1846,-2.04e+00,
1847,-1.96e+00,
1848,-1.88e+00,
1849,-1.88e+00,
1850,-2.00e+00,
1851,-1.96e+00,
1852,-2.04e+00,
1853,-2.12e+00,
1854,-2.12e+00,
1855,-2.12e+00,
1856,-2.00e+00,
1857,-1.96e+00,
1858,-2.00e+00,
1859,-1.88e+00,
1860,-1.96e+00,
1861,-1.88e+00,
1862,-1.96e+00,
1863,-2.00e+00,
1864,-2.00e+00,
1865,-1.96e+00,
1866,-2.04e+00,
1867,-2.00e+00,
1868,-2.04e+00,
1869,-2.00e+00,
1870,-2.00e+00,
1871,-1.96e+00,
1872,-1.96e+00,
1873,-1.96e+00,
1874,-2.16e+00,
1875,-2.20e+00,
1876,-2.32e+00,
1877,-2.32e+00,
1878,-2.20e+00,
1879,-2.16e+00,
1880,-2.04e+00,
1881,-2.00e+00,
1882,-1.96e+00,
1883,-1.84e+00,
1884,-1.84e+00,
1885,-1.80e+00,
1886,-1.84e+00,
1887,-1.88e+00,
1888,-1.96e+00,
1889,-1.88e+00,
1890,-1.96e+00,
1891,-1.96e+00,
1892,-2.00e+00,
1893,-2.04e+00,
1894,-2.12e+00,
1895,-2.12e+00,
1896,-2.04e+00,
1897,-2.00e+00,
1898,-2.00e+00,
1899,-1.96e+00,
1900,-2.04e+00,
1901,-2.04e+00,
1902,-2.04e+00,
1903,-2.04e+00,
1904,-2.04e+00,
1905,-2.04e+00,
1906,-2.12e+00,
1907,-2.04e+00,
1908,-2.12e+00,
1909,-2.04e+00,
1910,-2.04e+00,
1911,-2.04e+00,
1912,-1.96e+00,
1913,-1.96e+00,
1914,-2.04e+00,
1915,-2.12e+00,
1916,-2.32e+00,
1917,-2.32e+00,
1918,-2.24e+00,
1919,-2.16e+00,
1920,-2.00e+00,
1921,-1.84e+00,
1922,-1.88e+00,
1923,-1.72e+00,
1924,-1.80e+00,
1925,-1.72e+00,
1926,-1.80e+00,
1927,-1.88e+00,
1928,-2.00e+00,
1929,-2.00e+00,
1930,-2.00e+00,
1931,-1.88e+00,
1932,-2.00e+00,
1933,-2.00e+00,
1934,-2.04e+00,
1935,-2.16e+00,
1936,-2.16e+00,
1937,-2.04e+00,
1938,-2.12e+00,
1939,-2.00e+00,
1940,-2.04e+00,
1941,-2.00e+00,
1942,-1.96e+00,
1943,-1.88e+00,
1944,-1.88e+00,
1945,-1.88e+00,
1946,-2.00e+00,
1947,-1.96e+00,
1948,-2.04e+00,
1949,-2.00e+00,
1950,-1.96e+00,
1951,-1.96e+00,
1952,-1.88e+00,
1953,-1.84e+00,
1954,-1.88e+00,
1955,-1.84e+00,
1956,-2.00e+00,
1957,-2.04e+00,
1958,-2.20e+00,
1959,-2.36e+00,
1960,-2.36e+00,
1961,-2.32e+00,
1962,-2.32e+00,
1963,-2.16e+00,
1964,-2.12e+00,
1965,-2.00e+00,
1966,-1.88e+00,
1967,-1.88e+00,
1968,-1.88e+00,
1969,-1.96e+00,
1970,-2.04e+00,
1971,-2.04e+00,
1972,-2.12e+00,
1973,-2.00e+00,
1974,-2.00e+00,
1975,-2.00e+00,
1976,-2.00e+00,
1977,-2.00e+00,
1978,-2.04e+00,
1979,-2.00e+00,
1980,-2.04e+00,
1981,-2.00e+00,
1982,-1.96e+00,
1983,-1.88e+00,
1984,-1.84e+00,
1985,-1.84e+00,
1986,-1.88e+00,
1987,-1.84e+00,
1988,-1.88e+00,
1989,-1.88e+00,
1990,-1.96e+00,
1991,-2.00e+00,
1992,-2.00e+00,
1993,-2.00e+00,
1994,-2.12e+00,
1995,-2.00e+00,
1996,-2.12e+00,
1997,-2.12e+00,
1998,-2.16e+00,
1999,-2.24e+00,
2000,-2.32e+00,
2001,-2.32e+00,
2002,-2.24e+00,
2003,-2.12e+00,
2004,-2.04e+00,
2005,-1.96e+00,
2006,-1.84e+00,
2007,-1.80e+00,
2008,-1.80e+00,
2009,-1.80e+00,
2010,-1.88e+00,
2011,-1.88e+00,
2012,-2.00e+00,
2013,-1.96e+00,
2014,-1.96e+00,
2015,-1.96e+00,
2016,-1.96e+00,
2017,-1.88e+00,
2018,-2.00e+00,
2019,-1.96e+00,
2020,-2.04e+00,
2021,-2.00e+00,
2022,-1.96e+00,
2023,-2.00e+00,
2024,-2.00e+00,
2025,-2.04e+00,
2026,-2.12e+00,
2027,-2.04e+00,
2028,-2.16e+00,
2029,-2.16e+00,
2030,-2.16e+00,
2031,-2.20e+00,
2032,-2.16e+00,
2033,-2.12e+00,
2034,-2.16e+00,
2035,-2.04e+00,
2036,-2.04e+00,
2037,-1.96e+00,
2038,-1.96e+00,
2039,-2.00e+00,
2040,-2.04e+00,
2041,-2.04e+00,
2042,-2.20e+00,
2043,-2.16e+00,
2044,-2.20e+00,
2045,-2.12e+00,
2046,-2.00e+00,
2047,-1.96e+00,
2048,-1.80e+00,
2049,-1.68e+00,
2050,-1.68e+00,
2051,-1.68e+00,
2052,-1.80e+00,
2053,-1.80e+00,
2054,-1.88e+00,
2055,-1.96e+00,
2056,-1.96e+00,
2057,-2.00e+00,
2058,-2.16e+00,
2059,-2.12e+00,
2060,-2.20e+00,
2061,-2.16e+00,
2062,-2.16e+00,
2063,-2.16e+00,
2064,-2.04e+00,
2065,-2.00e+00,
2066,-2.04e+00,
2067,-1.96e+00,
2068,-1.96e+00,
2069,-1.88e+00,
2070,-1.88e+00,
2071,-1.88e+00,
2072,-1.88e+00,
2073,-1.88e+00,
2074,-1.96e+00,
2075,-1.96e+00,
2076,-2.00e+00,
2077,-1.96e+00,
2078,-1.88e+00,
2079,-1.96e+00,
2080,-2.00e+00,
2081,-2.16e+00,
2082,-2.32e+00,
2083,-2.24e+00,
2084,-2.24e+00,
2085,-2.12e+00,
2086,-2.00e+00,
2087,-2.00e+00,
2088,-1.96e+00,
2089,-1.88e+00,
2090,-1.96e+00,
2091,-1.96e+00,
2092,-2.04e+00,
2093,-2.04e+00,
2094,-2.04e+00,
2095,-2.04e+00,
2096,-1.96e+00,
2097,-1.88e+00,
2098,-2.00e+00,
2099,-2.00e+00,
2100,-2.04e+00,
2101,-2.12e+00,
2102,-2.12e+00,
2103,-2.12e+00,
2104,-2.04e+00,
2105,-1.96e+00,
2106,-1.96e+00,
2107,-1.88e+00,
2108,-1.96e+00,
2109,-1.88e+00,
2110,-1.88e+00,
2111,-1.96e+00,
2112,-1.96e+00,
2113,-1.96e+00,
2114,-2.00e+00,
2115,-1.96e+00,
2116,-2.00e+00,
2117,-1.96e+00,
2118,-1.96e+00,
2119,-1.96e+00,
2120,-1.88e+00,
2121,-1.96e+00,
2122,-2.12e+00,
2123,-2.16e+00,
2124,-2.32e+00,
2125,-2.32e+00,
2126,-2.24e+00,
2127,-2.20e+00,
2128,-2.12e+00,
2129,-1.96e+00,
2130,-1.96e+00,
2131,-1.80e+00,
2132,-1.84e+00,
2133,-1.80e+00,
2134,-1.84e+00,
2135,-1.88e+00,
2136,-1.96e+00,
2137,-1.96e+00,
2138,-2.00e+00,
2139,-1.88e+00,
2140,-2.00e+00,
2141,-1.96e+00,
2142,-2.00e+00,
2143,-2.04e+00,
2144,-2.04e+00,
2145,-2.04e+00,
2146,-2.12e+00,
2147,-2.00e+00,
2148,-2.04e+00,
2149,-2.04e+00,
2150,-2.00e+00,
2151,-2.00e+00,
2152,-2.00e+00,
2153,-1.96e+00,
2154,-2.04e+00,
2155,-2.04e+00,
2156,-2.12e+00,
2157,-2.04e+00,
2158,-2.04e+00,
2159,-2.04e+00,
2160,-1.96e+00,
2161,-1.88e+00,
2162,-1.96e+00,
2163,-1.96e+00,
2164,-2.12e+00,
2165,-2.16e+00,
2166,-2.20e+00,
2167,-2.16e+00,
2168,-2.12e+00,
2169,-1.96e+00,
2170,-1.96e+00,
2171,-1.80e+00,
2172,-1.84e+00,
2173,-1.80e+00,
2174,-1.84e+00,
2175,-1.88e+00,
2176,-1.96e+00,
2177,-1.96e+00,
2178,-2.04e+00,
2179,-2.00e+00,
2180,-2.04e+00,
2181,-2.04e+00,
2182,-2.04e+00,
2183,-2.04e+00,
2184,-2.12e+00,
2185,-2.04e+00,
2186,-2.12e+00,
2187,-2.00e+00,
2188,-2.04e+00,
2189,-2.00e+00,
2190,-1.96e+00,
2191,-1.96e+00,
2192,-1.88e+00,
2193,-1.88e+00,
2194,-1.96e+00,
2195,-1.96e+00,
2196,-2.00e+00,
2197,-2.00e+00,
2198,-1.96e+00,
2199,-1.96e+00,
2200,-1.96e+00,
2201,-1.88e+00,
2202,-1.88e+00,
2203,-1.84e+00,
2204,-1.96e+00,
2205,-2.00e+00,
2206,-2.12e+00,
2207,-2.24e+00,
2208,-2.24e+00,
2209,-2.24e+00,
2210,-2.24e+00,
2211,-2.12e+00,
2212,-2.12e+00,
2213,-2.00e+00,
2214,-1.96e+00,
2215,-1.88e+00,
2216,-1.88e+00,
2217,-1.88e+00,
2218,-2.00e+00,
2219,-2.04e+00,
2220,-2.12e+00,
2221,-2.04e+00,
2222,-2.00e+00,
2223,-2.04e+00,
2224,-2.00e+00,
2225,-2.00e+00,
2226,-2.04e+00,
2227,-2.00e+00,
2228,-2.00e+00,
2229,-1.96e+00,
2230,-1.88e+00,
2231,-1.88e+00,
2232,-1.88e+00,
2233,-1.84e+00,
2234,-1.88e+00,
2235,-1.84e+00,
2236,-1.88e+00,
2237,-1.88e+00,
2238,-1.88e+00,
2239,-1.96e+00,
2240,-1.96e+00,
2241,-1.96e+00,
2242,-2.00e+00,
2243,-1.96e+00,
2244,-2.04e+00,
2245,-2.04e+00,
2246,-2.16e+00,
2247,-2.32e+00,
2248,-2.36e+00,
2249,-2.32e+00,
2250,-2.24e+00,
2251,-2.12e+00,
2252,-2.00e+00,
2253,-1.96e+00,
2254,-1.84e+00,
2255,-1.80e+00,
2256,-1.80e+00,
2257,-1.80e+00,
2258,-1.88e+00,
2259,-1.96e+00,
2260,-2.04e+00,
2261,-2.00e+00,
2262,-1.84e+00,
2263,-1.84e+00,
2264,-1.84e+00,
2265,-1.88e+00,
2266,-2.00e+00,
2267,-2.00e+00,
2268,-2.12e+00,
2269,-2.04e+00,
2270,-2.04e+00,
2271,-2.00e+00,
2272,-2.00e+00,
2273,-1.96e+00,
2274,-2.04e+00,
2275,-2.00e+00,
2276,-2.04e+00,
2277,-2.04e+00,
2278,-2.12e+00,
2279,-2.16e+00,
2280,-2.16e+00,
2281,-2.04e+00,
2282,-2.12e+00,
2283,-2.00e+00,
2284,-2.00e+00,
2285,-1.88e+00,
2286,-1.84e+00,
2287,-1.88e+00,
2288,-2.00e+00,
2289,-2.04e+00,
2290,-2.24e+00,
2291,-2.20e+00,
2292,-2.20e+00,
2293,-2.12e+00,
2294,-2.00e+00,
2295,-1.88e+00,
2296,-1.80e+00,
2297,-1.72e+00,
2298,-1.80e+00,
2299,-1.80e+00,
2300,-1.88e+00,
2301,-1.96e+00,
2302,-1.96e+00,
2303,-2.00e+00,
2304,-1.96e+00,
2305,-1.96e+00,
2306,-2.04e+00,
2307,-2.04e+00,
2308,-2.16e+00,
2309,-2.16e+00,
2310,-2.16e+00,
2311,-2.16e+00,
2312,-2.04e+00,
2313,-2.00e+00,
2314,-2.00e+00,
2315,-1.96e+00,
2316,-1.96e+00,
2317,-1.88e+00,
2318,-1.88e+00,
2319,-1.96e+00,
2320,-1.96e+00,
2321,-1.88e+00,
2322,-2.00e+00,
2323,-1.88e+00,
2324,-2.00e+00,
2325,-1.96e+00,
2326,-1.88e+00,
2327,-1.88e+00,
2328,-1.88e+00,
2329,-2.00e+00,
2330,-2.16e+00,
2331,-2.20e+00,
2332,-2.32e+00,
2333,-2.20e+00,
2334,-2.12e+00,
2335,-2.04e+00,
2336,-1.96e+00,
2337,-1.88e+00,
2338,-1.96e+00,
2339,-1.88e+00,
2340,-2.00e+00,
2341,-2.04e+00,
2342,-2.12e+00,
2343,-2.16e+00,
2344,-2.16e+00,
2345,-2.04e+00,
2346,-2.12e+00,
2347,-2.00e+00,
2348,-2.04e+00,
2349,-2.04e+00,
2350,-2.04e+00,
2351,-2.04e+00,
2352,-2.00e+00,
2353,-1.96e+00,
2354,-1.96e+00,
2355,-1.88e+00,
2356,-1.88e+00,
2357,-1.84e+00,
2358,-1.84e+00,
2359,-1.84e+00,
2360,-1.88e+00,
2361,-1.88e+00,
2362,-1.96e+00,
2363,-1.96e+00,
2364,-2.00e+00,
2365,-2.00e+00,
2366,-1.96e+00,
2367,-2.00e+00,
2368,-1.96e+00,
2369,-1.96e+00,
2370,-2.04e+00,
2371,-2.12e+00,
2372,-2.24e+00,
2373,-2.32e+00,
2374,-2.32e+00,
2375,-2.24e+00,
2376,-2.20e+00,
2377,-2.04e+00,
2378,-2.00e+00,
2379,-1.88e+00,
2380,-1.88e+00,
2381,-1.84e+00,
2382,-1.80e+00,
2383,-1.80e+00,
2384,-1.80e+00,
2385,-1.84e+00,
2386,-1.88e+00,
2387,-1.84e+00,
2388,-1.88e+00,
2389,-1.88e+00,
2390,-2.00e+00,
2391,-2.04e+00,
2392,-2.04e+00,
2393,-2.00e+00,
2394,-2.04e+00,
2395,-1.96e+00,
2396,-2.00e+00,
2397,-1.96e+00,
2398,-2.00e+00,
2399,-2.00e+00,
2400,-2.04e+00,
2401,-2.04e+00,
2402,-2.16e+00,
2403,-2.12e+00,
2404,-2.16e+00,
2405,-2.12e+00,
2406,-2.12e+00,
2407,-2.04e+00,
2408,-2.00e+00,
2409,-1.96e+00,
2410,-1.96e+00,
2411,-1.96e+00,
2412,-2.12e+00,
2413,-2.16e+00,
2414,-2.20e+00,
2415,-2.20e+00,
2416,-2.12e+00,
2417,-1.96e+00,
2418,-1.88e+00,
2419,-1.80e+00,
2420,-1.80e+00,
2421,-1.72e+00,
2422,-1.72e+00,
2423,-1.80e+00,
2424,-1.88e+00,
2425,-1.88e+00,
2426,-2.00e+00,
2427,-1.96e+00,
2428,-2.00e+00,
2429,-2.00e+00,
2430,-2.00e+00,
2431,-2.04e+00,
2432,-2.12e+00,
2433,-2.12e+00,
2434,-2.16e+00,
2435,-2.04e+00,
2436,-2.12e+00,
2437,-2.04e+00,
2438,-2.00e+00,
2439,-2.00e+00,
2440,-1.96e+00,
2441,-1.88e+00,
2442,-2.00e+00,
2443,-1.96e+00,
2444,-2.04e+00,
2445,-2.00e+00,
2446,-2.00e+00,
2447,-2.00e+00,
2448,-1.96e+00,
2449,-1.88e+00,
2450,-1.96e+00,
2451,-1.84e+00,
2452,-1.88e+00,
2453,-1.96e+00,
2454,-2.04e+00,
2455,-2.16e+00,
2456,-2.20e+00,
2457,-2.20e+00,
2458,-2.20e+00,
2459,-2.12e+00,
2460,-2.04e+00,
2461,-2.00e+00,
2462,-1.96e+00,
2463,-1.88e+00,
2464,-1.88e+00,
2465,-1.88e+00,
2466,-2.00e+00,
2467,-2.04e+00,
2468,-2.16e+00,
2469,-2.12e+00,
2470,-2.04e+00,
2471,-2.04e+00,
2472,-2.00e+00,
2473,-2.00e+00,
2474,-2.16e+00,
2475,-2.16e+00,
2476,-2.20e+00,
2477,-2.12e+00,
2478,-2.04e+00,
2479,-1.96e+00,
2480,-1.88e+00,
2481,-1.80e+00,
2482,-1.80e+00,
2483,-1.72e+00,
2484,-1.80e+00,
2485,-1.80e+00,
2486,-1.84e+00,
2487,-1.88e+00,
2488,-1.96e+00,
2489,-1.88e+00,
2490,-2.00e+00,
2491,-1.88e+00,
2492,-1.96e+00,
2493,-1.96e+00,
2494,-2.04e+00,
2495,-2.20e+00,
2496,-2.32e+00,
2497,-2.32e+00,
2498,-2.36e+00,
2499,-2.16e+00,
2500,-2.12e+00,
2501,-1.96e+00,
2502,-1.88e+00,
2503,-1.80e+00,
2504,-1.72e+00,
2505,-1.72e+00,
2506,-1.84e+00,
2507,-1.88e+00,
2508,-1.96e+00,
2509,-1.96e+00,
2510,-1.84e+00,
2511,-1.84e+00,
2512,-1.84e+00,
2513,-1.88e+00,
2514,-2.00e+00,
2515,-2.04e+00,
2516,-2.16e+00,
2517,-2.16e+00,
2518,-2.12e+00,
2519,-2.04e+00,
2520,-2.00e+00,
2521,-1.96e+00,
2522,-2.00e+00,
2523,-1.96e+00,
2524,-2.00e+00,
2525,-2.04e+00,
2526,-2.12e+00,
2527,-2.12e+00,
2528,-2.12e+00,
2529,-2.04e+00,
2530,-2.12e+00,
2531,-2.00e+00,
2532,-2.00e+00,
2533,-1.88e+00,
2534,-1.84e+00,
2535,-1.84e+00,
2536,-1.88e+00,
2537,-2.00e+00,
2538,-2.16e+00,
2539,-2.20e+00,
2540,-2.24e+00,
2541,-2.20e+00,
2542,-2.04e+00,
2543,-1.96e+00,
2544,-1.84e+00,
2545,-1.72e+00,
2546,-1.72e+00,
2547,-1.68e+00,
2548,-1.80e+00,
2549,-1.84e+00,
2550,-1.88e+00,
2551,-2.00e+00,
2552,-1.96e+00,
2553,-1.96e+00,
2554,-2.04e+00,
2555,-2.04e+00,
2556,-2.16e+00,
2557,-2.16e+00,
2558,-2.16e+00,
2559,-2.16e+00,
2560,-2.16e+00,
2561,-2.04e+00,
2562,-2.04e+00,
2563,-1.96e+00,
2564,-1.96e+00,
2565,-1.88e+00,
2566,-1.84e+00,
2567,-1.84e+00,
2568,-1.88e+00,
2569,-1.88e+00,
2570,-1.96e+00,
2571,-1.88e+00,
2572,-1.96e+00,
2573,-1.96e+00,
2574,-1.88e+00,
2575,-1.84e+00,
2576,-1.84e+00,
2577,-1.88e+00,
2578,-2.04e+00,
2579,-2.12e+00,
2580,-2.24e+00,
2581,-2.24e+00,
2582,-2.20e+00,
2583,-2.12e+00,
2584,-2.00e+00,
2585,-1.96e+00,
2586,-1.96e+00,
2587,-1.88e+00,
2588,-2.00e+00,
2589,-2.00e+00,
2590,-2.04e+00,
2591,-2.16e+00,
2592,-2.20e+00,
2593,-2.16e+00,
2594,-2.16e+00,
2595,-2.04e+00,
2596,-2.12e+00,
2597,-2.04e+00,
2598,-2.04e+00,
2599,-2.04e+00,
2600,-2.00e+00,
2601,-1.96e+00,
2602,-1.96e+00,
2603,-1.88e+00,
2604,-1.88e+00,
2605,-1.84e+00,
2606,-1.80e+00,
2607,-1.80e+00,
2608,-1.80e+00,
2609,-1.80e+00,
2610,-1.88e+00,
2611,-1.88e+00,
2612,-1.96e+00,
2613,-1.96e+00,
2614,-1.96e+00,
2615,-1.96e+00,
2616,-1.88e+00,
2617,-1.84e+00,
2618,-2.00e+00,
2619,-2.00e+00,
2620,-2.20e+00,
2621,-2.24e+00,
2622,-2.32e+00,
2623,-2.32e+00,
2624,-2.24e+00,
2625,-2.12e+00,
2626,-2.12e+00,
2627,-1.96e+00,
2628,-1.88e+00,
2629,-1.80e+00,
2630,-1.72e+00,
2631,-1.80e+00,
2632,-1.80e+00,
2633,-1.80e+00,
2634,-1.88e+00,
2635,-1.84e+00,
2636,-1.88e+00,
2637,-1.88e+00,
2638,-1.88e+00,
2639,-1.96e+00,
2640,-2.00e+00,
2641,-1.96e+00,
2642,-2.00e+00,
2643,-1.96e+00,
2644,-2.00e+00,
2645,-1.96e+00,
2646,-1.96e+00,
2647,-1.96e+00,
2648,-1.96e+00,
2649,-2.00e+00,
2650,-2.12e+00,
2651,-2.04e+00,
2652,-2.12e+00,
2653,-2.12e+00,
2654,-2.04e+00,
2655,-2.04e+00,
2656,-2.04e+00,
2657,-1.96e+00,
2658,-1.96e+00,
2659,-1.88e+00,
2660,-2.04e+00,
2661,-2.16e+00,
2662,-2.24e+00,
2663,-2.32e+00,
2664,-2.20e+00,
2665,-2.04e+00,
2666,-1.96e+00,
2667,-1.80e+00,
2668,-1.80e+00,
2669,-1.68e+00,
2670,-1.68e+00,
2671,-1.72e+00,
2672,-1.80e+00,
2673,-1.88e+00,
2674,-2.00e+00,
2675,-2.00e+00,
2676,-1.96e+00,
2677,-1.88e+00,
2678,-1.88e+00,
2679,-1.96e+00,
2680,-2.04e+00,
2681,-2.12e+00,
2682,-2.20e+00,
2683,-2.12e+00,
2684,-2.16e+00,
2685,-2.12e+00,
2686,-2.04e+00,
2687,-2.00e+00,
2688,-1.96e+00,
2689,-1.88e+00,
2690,-1.96e+00,
2691,-1.88e+00,
2692,-2.00e+00,
2693,-2.00e+00,
2694,-2.00e+00,
2695,-2.00e+00,
2696,-1.96e+00,
2697,-1.88e+00,
2698,-1.88e+00,
2699,-1.80e+00,
2700,-1.84e+00,
2701,-1.84e+00,
2702,-1.96e+00,
2703,-2.04e+00,
2704,-2.16e+00,
2705,-2.20e+00,
2706,-2.24e+00,
2707,-2.16e+00,
2708,-2.12e+00,
2709,-1.96e+00,
2710,-1.88e+00,
2711,-1.88e+00,
2712,-1.88e+00,
2713,-1.88e+00,
2714,-2.00e+00,
2715,-2.00e+00,
2716,-2.12e+00,
2717,-2.12e+00,
2718,-2.04e+00,
2719,-2.00e+00,
2720,-2.00e+00,
2721,-1.96e+00,
2722,-2.04e+00,
2723,-2.04e+00,
2724,-2.16e+00,
2725,-2.12e+00,
2726,-2.04e+00,
2727,-2.00e+00,
2728,-1.88e+00,
2729,-1.84e+00,
2730,-1.84e+00,
2731,-1.80e+00,
2732,-1.84e+00,
2733,-1.84e+00,
2734,-1.88e+00,
2735,-1.96e+00,
2736,-1.96e+00,
2737,-1.96e+00,
2738,-2.00e+00,
2739,-1.96e+00,
2740,-1.96e+00,
2741,-1.88e+00,
2742,-1.96e+00,
2743,-2.00e+00,
2744,-2.04e+00,
2745,-2.00e+00,
2746,-2.04e+00,
2747,-1.96e+00,
2748,-2.00e+00,
2749,-1.96e+00,
2750,-1.84e+00,
2751,-1.80e+00,
2752,-1.80e+00,
2753,-1.84e+00,
2754,-1.96e+00,
2755,-1.96e+00,
2756,-2.04e+00,
2757,-2.04e+00,
2758,-2.12e+00,
2759,-2.16e+00,
2760,-2.16e+00,
2761,-2.16e+00,
2762,-2.24e+00,
2763,-2.20e+00,
2764,-2.24e+00,
2765,-2.16e+00,
2766,-2.04e+00,
2767,-2.00e+00,
2768,-1.84e+00,
2769,-1.72e+00,
2770,-1.80e+00,
2771,-1.68e+00,
2772,-1.80e+00,
2773,-1.80e+00,
2774,-1.84e+00,
2775,-1.88e+00,
2776,-1.96e+00,
2777,-1.96e+00,
2778,-2.00e+00,
2779,-2.00e+00,
2780,-2.04e+00,
2781,-2.04e+00,
2782,-2.00e+00,
2783,-2.00e+00,
2784,-2.04e+00,
2785,-2.16e+00,
2786,-2.32e+00,
2787,-2.32e+00,
2788,-2.40e+00,
2789,-2.36e+00,
2790,-2.24e+00,
2791,-2.20e+00,
2792,-2.04e+00,
2793,-1.96e+00,
2794,-1.96e+00,
2795,-1.84e+00,
2796,-1.84e+00,
2797,-1.84e+00,
2798,-1.84e+00,
2799,-1.84e+00,
2800,-1.80e+00,
2801,-1.72e+00,
2802,-1.84e+00,
2803,-1.84e+00,
2804,-1.96e+00,
2805,-2.00e+00,
2806,-2.04e+00,
2807,-2.00e+00,
2808,-1.96e+00,
2809,-1.88e+00,
2810,-1.88e+00,
2811,-1.84e+00,
2812,-1.88e+00,
2813,-1.84e+00,
2814,-1.84e+00,
2815,-1.88e+00,
2816,-1.88e+00,
2817,-1.88e+00,
2818,-2.00e+00,
2819,-1.96e+00,
2820,-2.00e+00,
2821,-1.96e+00,
2822,-1.96e+00,
2823,-1.88e+00,
2824,-1.88e+00,
2825,-1.88e+00,
2826,-2.04e+00,
2827,-2.16e+00,
2828,-2.32e+00,
2829,-2.36e+00,
2830,-2.32e+00,
2831,-2.20e+00,
2832,-2.04e+00,
2833,-1.96e+00,
2834,-1.88e+00,
2835,-1.84e+00,
2836,-1.88e+00,
2837,-1.88e+00,
2838,-1.96e+00,
2839,-2.04e+00,
2840,-2.04e+00,
2841,-2.04e+00,
2842,-2.04e+00,
2843,-1.96e+00,
2844,-2.00e+00,
2845,-1.96e+00,
2846,-1.96e+00,
2847,-1.96e+00,
2848,-1.96e+00,
2849,-1.88e+00,
2850,-1.96e+00,
2851,-1.88e+00,
2852,-1.96e+00,
2853,-1.88e+00,
2854,-1.88e+00,
2855,-1.88e+00,
2856,-1.84e+00,
2857,-1.84e+00,
2858,-1.96e+00,
2859,-1.96e+00,
2860,-2.00e+00,
2861,-2.00e+00,
2862,-2.00e+00,
2863,-2.00e+00,
2864,-1.96e+00,
2865,-1.88e+00,
2866,-1.96e+00,
2867,-2.00e+00,
2868,-2.16e+00,
2869,-2.24e+00,
2870,-2.32e+00,
2871,-2.32e+00,
2872,-2.24e+00,
2873,-2.12e+00,
2874,-2.04e+00,
2875,-1.96e+00,
2876,-1.88e+00,
2877,-1.84e+00,
2878,-1.80e+00,
2879,-1.80e+00,
2880,-1.80e+00,
2881,-1.84e+00,
2882,-1.88e+00,
2883,-1.84e+00,
2884,-1.84e+00,
2885,-1.80e+00,
2886,-1.84e+00,
2887,-1.84e+00,
2888,-1.88e+00,
2889,-1.96e+00,
2890,-2.04e+00,
2891,-2.00e+00,
2892,-2.04e+00,
2893,-2.00e+00,
2894,-1.96e+00,
2895,-1.96e+00,
2896,-1.88e+00,
2897,-1.88e+00,
2898,-2.00e+00,
2899,-2.00e+00,
2900,-2.12e+00,
2901,-2.16e+00,
2902,-2.16e+00,
2903,-2.16e+00,
2904,-2.16e+00,
2905,-2.12e+00,
2906,-2.12e+00,
2907,-2.00e+00,
2908,-2.04e+00,
2909,-2.16e+00,
2910,-2.36e+00,
2911,-2.52e+00,
2912,-2.52e+00,
2913,-2.40e+00,
2914,-2.24e+00,
2915,-2.00e+00,
2916,-1.96e+00,
2917,-1.72e+00,
2918,-1.64e+00,
2919,-1.52e+00,
2920,-1.52e+00,
2921,-1.56e+00,
2922,-1.68e+00,
2923,-1.72e+00,
2924,-1.72e+00,
2925,-1.56e+00,
2926,-1.52e+00,
2927,-1.56e+00,
2928,-1.56e+00,
2929,-1.64e+00,
2930,-1.80e+00,
2931,-1.88e+00,
2932,-2.00e+00,
2933,-2.00e+00,
2934,-2.04e+00,
2935,-2.04e+00,
2936,-2.04e+00,
2937,-2.00e+00,
2938,-2.04e+00,
2939,-2.00e+00,
2940,-2.12e+00,
2941,-2.04e+00,
2942,-2.04e+00,
2943,-2.04e+00,
2944,-2.00e+00,
2945,-1.88e+00,
2946,-1.84e+00,
2947,-1.68e+00,
2948,-1.56e+00,
2949,-1.48e+00,
2950,-1.52e+00,
2951,-1.56e+00,
2952,-1.68e+00,
2953,-1.72e+00,
2954,-1.80e+00,
2955,-1.68e+00,
2956,-1.56e+00,
2957,-1.40e+00,
2958,-1.32e+00,
2959,-1.24e+00,
2960,-1.24e+00,
2961,-1.24e+00,
2962,-1.36e+00,
2963,-1.40e+00,
2964,-1.52e+00,
2965,-1.52e+00,
2966,-1.48e+00,
2967,-1.40e+00,
2968,-1.36e+00,
2969,-1.32e+00,
2970,-1.40e+00,
2971,-1.40e+00,
2972,-1.48e+00,
2973,-1.48e+00,
2974,-1.40e+00,
2975,-1.32e+00,
2976,-1.16e+00,
2977,-9.60e-01,
2978,-8.80e-01,
2979,-7.20e-01,
2980,-6.40e-01,
2981,-5.60e-01,
2982,-5.60e-01,
2983,-5.60e-01,
2984,-5.60e-01,
2985,-5.20e-01,
2986,-5.20e-01,
2987,-4.00e-01,
2988,-3.20e-01,
2989,-1.60e-01,
2990,-1.20e-01,
2991,-1.20e-01,
2992,-1.60e-01,
2993,-2.40e-01,
2994,-4.00e-01,
2995,-3.60e-01,
2996,-2.40e-01,
2997,-4.00e-02,
2998,1.20e-01,
2999,3.20e-01,
3000,4.80e-01,
3001,6.00e-01,
3002,6.40e-01,
3003,6.40e-01,
3004,6.00e-01,
3005,6.00e-01,
3006,6.00e-01,
3007,6.80e-01,
3008,8.00e-01,
3009,8.80e-01,
3010,8.80e-01,
3011,9.60e-01,
3012,1.00e+00,
3013,1.00e+00,
3014,1.04e+00,
3015,1.12e+00,
3016,1.20e+00,
3017,1.28e+00,
3018,1.36e+00,
3019,1.44e+00,
3020,1.52e+00,
3021,1.60e+00,
3022,1.60e+00,
3023,1.60e+00,
3024,1.60e+00,
3025,1.64e+00,
3026,1.68e+00,
3027,1.80e+00,
3028,1.88e+00,
3029,1.96e+00,
3030,2.04e+00,
3031,2.20e+00,
3032,2.28e+00,
3033,2.28e+00,
3034,2.20e+00,
3035,2.16e+00,
3036,2.16e+00,
3037,2.20e+00,
3038,2.32e+00,
3039,2.52e+00,
3040,2.72e+00,
3041,2.84e+00,
3042,3.00e+00,
3043,3.12e+00,
3044,3.16e+00,
3045,3.16e+00,
3046,3.12e+00,
3047,3.12e+00,
3048,3.12e+00,
3049,3.16e+00,
3050,3.28e+00,
3051,3.28e+00,
3052,3.28e+00,
3053,3.20e+00,
3054,3.16e+00,
3055,3.12e+00,
3056,3.16e+00,
3057,3.20e+00,
3058,3.32e+00,
3059,3.36e+00,
3060,3.52e+00,
3061,3.60e+00,
3062,3.68e+00,
3063,3.84e+00,
3064,3.88e+00,
3065,3.96e+00,
3066,4.04e+00,
3067,4.12e+00,
3068,4.20e+00,
3069,4.20e+00,
3070,4.32e+00,
3071,4.44e+00,
3072,4.48e+00,
3073,4.48e+00,
3074,4.48e+00,
3075,4.32e+00,
3076,4.32e+00,
3077,4.28e+00,
3078,4.32e+00,
3079,4.44e+00,
3080,4.60e+00,
3081,4.68e+00,
3082,4.84e+00,
3083,4.84e+00,
3084,4.96e+00,
3085,4.84e+00,
3086,4.80e+00,
3087,4.80e+00,
3088,4.72e+00,
3089,4.80e+00,
3090,4.88e+00,
3091,5.00e+00,
3092,5.12e+00,
3093,5.12e+00,
3094,-5.08e+00,
3095,-5.08e+00,
3096,-5.08e+00,
3097,-5.04e+00,
3098,-4.92e+00,
3099,-4.88e+00,
3100,-4.72e+00,
3101,-4.72e+00,
3102,-4.60e+00,
3103,-4.52e+00,
3104,-4.52e+00,
3105,-4.52e+00,
3106,-4.44e+00,
3107,-4.52e+00,
3108,-4.44e+00,
3109,-4.44e+00,
3110,-4.40e+00,
3111,-4.28e+00,
3112,-4.24e+00,
3113,-4.20e+00,
3114,-4.04e+00,
3115,-4.12e+00,
3116,-4.12e+00,
3117,-4.28e+00,
3118,-4.40e+00,
3119,-4.40e+00,
3120,-4.36e+00,
3121,-4.28e+00,
3122,-4.04e+00,
3123,-3.96e+00,
3124,-3.76e+00,
3125,-3.72e+00,
3126,-3.60e+00,
3127,-3.56e+00,
3128,-3.56e+00,
3129,-3.60e+00,
3130,-3.52e+00,
3131,-3.56e+00,
3132,-3.36e+00,
3133,-3.36e+00,
3134,-3.36e+00,
3135,-3.28e+00,
3136,-3.36e+00,
3137,-3.40e+00,
3138,-3.28e+00,
3139,-3.36e+00,
3140,-3.20e+00,
3141,-3.20e+00,
3142,-3.12e+00,
3143,-3.08e+00,
3144,-3.04e+00,
3145,-3.04e+00,
3146,-2.92e+00,
3147,-3.04e+00,
3148,-2.96e+00,
3149,-3.04e+00,
3150,-3.04e+00,
3151,-2.92e+00,
3152,-2.88e+00,
3153,-2.88e+00,
3154,-2.72e+00,
3155,-2.72e+00,
3156,-2.60e+00,
3157,-2.72e+00,
3158,-2.76e+00,
3159,-2.80e+00,
3160,-2.80e+00,
3161,-2.80e+00,
3162,-2.56e+00,
3163,-2.52e+00,
3164,-2.24e+00,
3165,-2.12e+00,
3166,-2.08e+00,
3167,-1.96e+00,
3168,-2.04e+00,
3169,-2.08e+00,
3170,-1.96e+00,
3171,-2.08e+00,
3172,-1.96e+00,
3173,-1.96e+00,
3174,-1.92e+00,
3175,-1.92e+00,
3176,-1.92e+00,
3177,-1.92e+00,
3178,-1.92e+00,
3179,-1.96e+00,
3180,-1.92e+00,
3181,-1.92e+00,
3182,-1.92e+00,
3183,-1.92e+00,
3184,-1.92e+00,
3185,-1.92e+00,
3186,-1.92e+00,
3187,-1.92e+00,
3188,-1.92e+00,
3189,-1.92e+00,
3190,-1.92e+00,
3191,-1.92e+00,
3192,-1.92e+00,
3193,-1.92e+00,
3194,-1.92e+00,
3195,-1.92e+00,
3196,-1.92e+00,
3197,-1.92e+00,
3198,-1.92e+00,
3199,-1.92e+00,
3200,-1.92e+00,
3201,-1.92e+00,
3202,-1.92e+00,
3203,-1.92e+00,
3204,-1.92e+00,
3205,-1.92e+00,
3206,-1.92e+00,
3207,-1.92e+00,
3208,-1.92e+00,
3209,-1.92e+00,
3210,-1.92e+00,
3211,-1.92e+00,
3212,-1.92e+00,
3213,-1.92e+00,
3214,-1.92e+00,
3215,-1.92e+00,
3216,-1.92e+00,
3217,-1.92e+00,
3218,-1.92e+00,
3219,-1.92e+00,
3220,-1.92e+00,
3221,-1.92e+00,
3222,-1.92e+00,
3223,-1.92e+00,
3224,-1.92e+00,
3225,-1.92e+00,
3226,-1.92e+00,
3227,-1.92e+00,
3228,-1.92e+00,
3229,-1.92e+00,
3230,-1.92e+00,
3231,-1.92e+00,
3232,-1.92e+00,
3233,-1.92e+00,
3234,-1.92e+00,
3235,-1.92e+00,
3236,-1.92e+00,
3237,-1.92e+00,
3238,-1.92e+00,
3239,-1.92e+00,
3240,-1.92e+00,
3241,-1.92e+00,
3242,-1.92e+00,
3243,-1.92e+00,
3244,-1.92e+00,
3245,-1.92e+00,
3246,-1.92e+00,
3247,-1.92e+00,
3248,-1.92e+00,
3249,-1.92e+00,
3250,-1.92e+00,
3251,-1.92e+00,
3252,-1.92e+00,
3253,-1.92e+00,
3254,-1.92e+00,
3255,-1.92e+00,
3256,-1.92e+00,
3257,-1.92e+00,
3258,-1.92e+00,
3259,-1.92e+00,
3260,-1.92e+00,
3261,-1.92e+00,
3262,-1.92e+00,
3263,-1.92e+00,
3264,-1.92e+00,
3265,-1.92e+00,
3266,-1.92e+00,
3267,-1.92e+00,
3268,-1.92e+00,
3269,-1.92e+00,
3270,-1.92e+00,
3271,-1.92e+00,
3272,-1.92e+00,
3273,-1.92e+00,
3274,-1.92e+00,
3275,-1.92e+00,
3276,-1.92e+00,
3277,-1.92e+00,
3278,-1.92e+00,
3279,-1.92e+00,
3280,-1.92e+00,
3281,-1.92e+00,
3282,-1.92e+00,
3283,-1.92e+00,
3284,-1.92e+00,
3285,-1.92e+00,
3286,-1.92e+00,
3287,-1.92e+00,
3288,-1.92e+00,
3289,-1.92e+00,
3290,-1.92e+00,
3291,-1.92e+00,
3292,-1.92e+00,
3293,-1.92e+00,
3294,-1.92e+00,
3295,-1.92e+00,
3296,-1.92e+00,
3297,-1.92e+00,
3298,-1.92e+00,
3299,-1.92e+00,
3300,-1.92e+00,
3301,-1.92e+00,
3302,-1.92e+00,
3303,-1.92e+00,
3304,-1.92e+00,
3305,-1.92e+00,
3306,-1.92e+00,
3307,-1.92e+00,
3308,-1.92e+00,
3309,-1.92e+00,
3310,-1.92e+00,
3311,-1.92e+00,
3312,-1.92e+00,
3313,-1.92e+00,
3314,-1.92e+00,
3315,-1.92e+00,
3316,-1.92e+00,
3317,-1.92e+00,
3318,-1.92e+00,
3319,-1.92e+00,
3320,-1.92e+00,
3321,-1.92e+00,
3322,-1.92e+00,
3323,-1.92e+00,
3324,-1.92e+00,
3325,-1.92e+00,
3326,-1.92e+00,
3327,-1.92e+00,
3328,-1.92e+00,
3329,-1.92e+00,
3330,-1.92e+00,
3331,-1.92e+00,
3332,-1.92e+00,
3333,-1.92e+00,
3334,-1.92e+00,
3335,-1.92e+00,
3336,-1.92e+00,
3337,-1.92e+00,
3338,-1.92e+00,
3339,-1.92e+00,
3340,-1.92e+00,
3341,-1.92e+00,
3342,-1.92e+00,
3343,-1.92e+00,
3344,-1.92e+00,
3345,-1.92e+00,
3346,-1.92e+00,
3347,-1.92e+00,
3348,-1.92e+00,
3349,-1.92e+00,
3350,-1.92e+00,
3351,-1.92e+00,
3352,-1.92e+00,
3353,-1.92e+00,
3354,-1.92e+00,
3355,-1.92e+00,
3356,-1.92e+00,
3357,-1.92e+00,
3358,-1.92e+00,
3359,-1.92e+00,
3360,-1.92e+00,
3361,-1.92e+00,
3362,-1.92e+00,
3363,-1.92e+00,
3364,-1.92e+00,
3365,-1.92e+00,
3366,-1.92e+00,
3367,-1.92e+00,
3368,-1.92e+00,
3369,-1.92e+00,
3370,-1.92e+00,
3371,-1.92e+00,
3372,-1.92e+00,
3373,-1.92e+00,
3374,-1.92e+00,
3375,-1.92e+00,
3376,-1.92e+00,
3377,-1.92e+00,
3378,-1.92e+00,
3379,-1.92e+00,
3380,-1.92e+00,
3381,-1.92e+00,
3382,-1.92e+00,
3383,-1.92e+00,
3384,-1.92e+00,
3385,-1.92e+00,
3386,-1.92e+00,
3387,-1.92e+00,
3388,-1.92e+00,
3389,-1.92e+00,
3390,-1.92e+00,
3391,-1.92e+00,
3392,-1.92e+00,
3393,-1.92e+00,
3394,-1.92e+00,
3395,-1.92e+00,
3396,-1.92e+00,
3397,-1.92e+00,
3398,-1.92e+00,
3399,-1.92e+00,
3400,-1.92e+00,
3401,-1.92e+00,
3402,-1.92e+00,
3403,-1.92e+00,
3404,-1.92e+00,
3405,-1.92e+00,
3406,-1.92e+00,
3407,-1.92e+00,
3408,-1.92e+00,
3409,-1.92e+00,
3410,-1.92e+00,
3411,-1.92e+00,
3412,-1.92e+00,
3413,-1.92e+00,
3414,-1.92e+00,
3415,-1.92e+00,
3416,-1.92e+00,
3417,-1.92e+00,
3418,-1.92e+00,
3419,-1.92e+00,
3420,-1.92e+00,
3421,-1.92e+00,
3422,-1.92e+00,
3423,-1.92e+00,
3424,-1.92e+00,
3425,-1.92e+00,
3426,-1.92e+00,
3427,-1.92e+00,
3428,-1.92e+00,
3429,-1.92e+00,
3430,-1.92e+00,
3431,-1.92e+00,
3432,-1.92e+00,
3433,-1.92e+00,
3434,-1.92e+00,
3435,-1.92e+00,
3436,-1.92e+00,
3437,-1.92e+00,
3438,-1.92e+00,
3439,-1.92e+00,
3440,-1.92e+00,
3441,-1.92e+00,
3442,-1.92e+00,
3443,-1.92e+00,
3444,-1.92e+00,
3445,-1.92e+00,
3446,-1.92e+00,
3447,-1.92e+00,
3448,-1.92e+00,
3449,-1.92e+00,
3450,-1.92e+00,
3451,-1.92e+00,
3452,-1.92e+00,
3453,-1.92e+00,
3454,-1.92e+00,
3455,-1.92e+00,
3456,-1.92e+00,
3457,-1.92e+00,
3458,-1.92e+00,
3459,-1.92e+00,
3460,-1.92e+00,
3461,-1.92e+00,
3462,-1.92e+00,
3463,-1.92e+00,
3464,-1.92e+00,
3465,-1.92e+00,
3466,-1.92e+00,
3467,-1.92e+00,
3468,-1.92e+00,
3469,-1.92e+00,
3470,-1.92e+00,
3471,-1.92e+00,
3472,-1.92e+00,
3473,-1.92e+00,
3474,-1.92e+00,
3475,-1.92e+00,
3476,-1.92e+00,
3477,-1.92e+00,
3478,-1.92e+00,
3479,-1.92e+00,
3480,-1.92e+00,
3481,-1.92e+00,
3482,-1.92e+00,
3483,-1.92e+00,
3484,-1.92e+00,
3485,-1.92e+00,
3486,-1.92e+00,
3487,-1.92e+00,
3488,-1.92e+00,
3489,-1.92e+00,
3490,-1.92e+00,
3491,-1.92e+00,
3492,-1.92e+00,
3493,-1.92e+00,
3494,-1.92e+00,
3495,-1.92e+00,
3496,-1.92e+00,
3497,-1.92e+00,
3498,-1.92e+00,
3499,-1.92e+00,
3500,-1.92e+00,
3501,-1.92e+00,
3502,-1.92e+00,
3503,-1.92e+00,
3504,-1.92e+00,
3505,-1.92e+00,
3506,-1.92e+00,
3507,-1.92e+00,
3508,-1.92e+00,
3509,-1.92e+00,
3510,-1.92e+00,
3511,-1.92e+00,
3512,-1.92e+00,
3513,-1.92e+00,
3514,-1.92e+00,
3515,-1.92e+00,
3516,-1.92e+00,
3517,-1.92e+00,
3518,-1.92e+00,
3519,-1.92e+00,
3520,-1.92e+00,
3521,-1.92e+00,
3522,-1.92e+00,
3523,-1.92e+00,
3524,-1.92e+00,
3525,-1.92e+00,
3526,-1.92e+00,
3527,-1.92e+00,
3528,-1.92e+00,
3529,-1.92e+00,
3530,-1.92e+00,
3531,-1.92e+00,
3532,-1.92e+00,
3533,-1.92e+00,
3534,-1.92e+00,
3535,-1.92e+00,
3536,-1.92e+00,
3537,-1.92e+00,
3538,-1.92e+00,
3539,-1.92e+00,
3540,-1.92e+00,
3541,-1.92e+00,
3542,-1.92e+00,
3543,-1.92e+00,
3544,-1.92e+00,
3545,-1.92e+00,
3546,-1.92e+00,
3547,-1.92e+00,
3548,-1.92e+00,
3549,-1.92e+00,
3550,-1.92e+00,
3551,-1.92e+00,
3552,-1.92e+00,
3553,-1.92e+00,
3554,-1.92e+00,
3555,-1.92e+00,
3556,-1.92e+00,
3557,-1.92e+00,
3558,-1.92e+00,
3559,-1.92e+00,
3560,-1.92e+00,
3561,-1.92e+00,
3562,-1.92e+00,
3563,-1.92e+00,
3564,-1.92e+00,
3565,-1.92e+00,
3566,-1.92e+00,
3567,-1.92e+00,
3568,-1.92e+00,
3569,-1.92e+00,
3570,-1.92e+00,
3571,-1.92e+00,
3572,-1.92e+00,
3573,-1.92e+00,
3574,-1.92e+00,
3575,-1.92e+00,
3576,-1.92e+00,
3577,-1.92e+00,
3578,-1.92e+00,
3579,-1.92e+00,
3580,-1.92e+00,
3581,-1.92e+00,
3582,-1.92e+00,
3583,-1.92e+00,
3584,-1.92e+00,
3585,-1.92e+00,
3586,-1.92e+00,
3587,-1.92e+00,
3588,-1.92e+00,
3589,-1.92e+00,
3590,-1.92e+00,
3591,-1.92e+00,
3592,-1.92e+00,
3593,-1.92e+00,
3594,-1.92e+00,
3595,-1.92e+00,
3596,-1.92e+00,
3597,-1.92e+00,
3598,-1.92e+00,
3599,-1.92e+00,
3600,-1.92e+00,
3601,-1.92e+00,
3602,-1.92e+00,
3603,-1.92e+00,
3604,-1.92e+00,
3605,-1.92e+00,
3606,-1.92e+00,
3607,-1.92e+00,
3608,-1.92e+00,
3609,-1.92e+00,
3610,-1.92e+00,
3611,-1.92e+00,
3612,-1.92e+00,
3613,-1.92e+00,
3614,-1.92e+00,
3615,-1.92e+00,
3616,-1.92e+00,
3617,-1.92e+00,
3618,-1.92e+00,
3619,-1.92e+00,
3620,-1.92e+00,
3621,-1.92e+00,
3622,-1.92e+00,
3623,-1.92e+00,
3624,-1.92e+00,
3625,-1.92e+00,
3626,-1.92e+00,
3627,-1.92e+00,
3628,-1.92e+00,
3629,-1.92e+00,
3630,-1.92e+00,
3631,-1.92e+00,
3632,-1.92e+00,
3633,-1.92e+00,
3634,-1.92e+00,
3635,-1.92e+00,
3636,-1.92e+00,
3637,-1.92e+00,
3638,-1.92e+00,
3639,-1.92e+00,
3640,-1.92e+00,
3641,-1.92e+00,
3642,-1.92e+00,
3643,-1.92e+00,
3644,-1.92e+00,
3645,-1.92e+00,
3646,-1.92e+00,
3647,-1.92e+00,
3648,-1.92e+00,
3649,-1.92e+00,
3650,-1.92e+00,
3651,-1.92e+00,
3652,-1.92e+00,
3653,-1.92e+00,
3654,-1.92e+00,
3655,-1.92e+00,
3656,-1.92e+00,
3657,-1.92e+00,
3658,-1.92e+00,
3659,-1.92e+00,
3660,-1.92e+00,
3661,-1.92e+00,
3662,-1.92e+00,
3663,-1.92e+00,
3664,-1.92e+00,
3665,-1.92e+00,
3666,-1.92e+00,
3667,-1.92e+00,
3668,-1.92e+00,
3669,-1.92e+00,
3670,-1.92e+00,
3671,-1.92e+00,
3672,-1.92e+00,
3673,-1.92e+00,
3674,-1.92e+00,
3675,-1.92e+00,
3676,-1.92e+00,
3677,-1.92e+00,
3678,-1.92e+00,
3679,-1.92e+00,
3680,-1.92e+00,
3681,-1.92e+00,
3682,-1.92e+00,
3683,-1.92e+00,
3684,-1.92e+00,
3685,-1.92e+00,
3686,-1.92e+00,
3687,-1.92e+00,
3688,-1.92e+00,
3689,-1.92e+00,
3690,-1.92e+00,
3691,-1.92e+00,
3692,-1.92e+00,
3693,-1.92e+00,
3694,-1.92e+00,
3695,-1.92e+00,
3696,-1.92e+00,
3697,-1.92e+00,
3698,-1.92e+00,
3699,-1.92e+00,
3700,-1.92e+00,
3701,-1.92e+00,
3702,-1.92e+00,
3703,-1.92e+00,
3704,-1.92e+00,
3705,-1.92e+00,
3706,-1.92e+00,
3707,-1.92e+00,
3708,-1.92e+00,
3709,-1.92e+00,
3710,-1.92e+00,
3711,-1.92e+00,
3712,-1.92e+00,
3713,-1.92e+00,
3714,-1.92e+00,
3715,-1.92e+00,
3716,-1.92e+00,
3717,-1.92e+00,
3718,-1.92e+00,
3719,-1.92e+00,
3720,-1.92e+00,
3721,-1.92e+00,
3722,-1.92e+00,
3723,-1.92e+00,
3724,-1.92e+00,
3725,-1.92e+00,
3726,-1.92e+00,
3727,-1.92e+00,
3728,-1.92e+00,
3729,-1.92e+00,
3730,-1.92e+00,
3731,-1.92e+00,
3732,-1.92e+00,
3733,-1.92e+00,
3734,-1.92e+00,
3735,-1.92e+00,
3736,-1.92e+00,
3737,-1.92e+00,
3738,-1.92e+00,
3739,-1.92e+00,
3740,-1.92e+00,
3741,-1.92e+00,
3742,-1.92e+00,
3743,-1.92e+00,
3744,-1.92e+00,
3745,-1.92e+00,
3746,-1.92e+00,
3747,-1.92e+00,
3748,-1.92e+00,
3749,-1.92e+00,
3750,-1.92e+00,
3751,-1.92e+00,
3752,-1.92e+00,
3753,-1.92e+00,
3754,-1.92e+00,
3755,-1.92e+00,
3756,-1.92e+00,
3757,-1.92e+00,
3758,-1.92e+00,
3759,-1.92e+00,
3760,-1.92e+00,
3761,-1.92e+00,
3762,-1.92e+00,
3763,-1.92e+00,
3764,-1.92e+00,
3765,-1.92e+00,
3766,-1.92e+00,
3767,-1.92e+00,
3768,-1.92e+00,
3769,-1.92e+00,
3770,-1.92e+00,
3771,-1.92e+00,
3772,-1.92e+00,
3773,-1.92e+00,
3774,-1.92e+00,
3775,-1.92e+00,
3776,-1.92e+00,
3777,-1.92e+00,
3778,-1.92e+00,
3779,-1.92e+00,
3780,-1.92e+00,
3781,-1.92e+00,
3782,-1.92e+00,
3783,-1.92e+00,
3784,-1.92e+00,
3785,-1.92e+00,
3786,-1.92e+00,
3787,-1.92e+00,
3788,-1.92e+00,
3789,-1.92e+00,
3790,-1.92e+00,
3791,-1.92e+00,
3792,-1.92e+00,
3793,-1.92e+00,
3794,-1.92e+00,
3795,-1.92e+00,
3796,-1.92e+00,
3797,-1.92e+00,
3798,-1.92e+00,
3799,-1.92e+00,
3800,-1.92e+00,
3801,-1.92e+00,
3802,-1.92e+00,
3803,-1.92e+00,
3804,-1.92e+00,
3805,-1.92e+00,
3806,-1.92e+00,
3807,-1.92e+00,
3808,-1.92e+00,
3809,-1.92e+00,
3810,-1.92e+00,
3811,-1.92e+00,
3812,-1.92e+00,
3813,-1.92e+00,
3814,-1.92e+00,
3815,-1.92e+00,
3816,-1.92e+00,
3817,-1.92e+00,
3818,-1.92e+00,
3819,-1.92e+00,
3820,-1.92e+00,
3821,-1.92e+00,
3822,-1.92e+00,
3823,-1.92e+00,
3824,-1.92e+00,
3825,-1.92e+00,
3826,-1.92e+00,
3827,-1.92e+00,
3828,-1.92e+00,
3829,-1.92e+00,
3830,-1.92e+00,
3831,-1.92e+00,
3832,-1.92e+00,
3833,-1.92e+00,
3834,-1.92e+00,
3835,-1.92e+00,
3836,-1.92e+00,
3837,-1.92e+00,
3838,-1.92e+00,
3839,-1.92e+00,
3840,-1.92e+00,
3841,-1.92e+00,
3842,-1.92e+00,
3843,-1.92e+00,
3844,-1.92e+00,
3845,-1.92e+00,
3846,-1.92e+00,
3847,-1.92e+00,
3848,-1.92e+00,
3849,-1.92e+00,
3850,-1.92e+00,
3851,-1.92e+00,
3852,-1.92e+00,
3853,-1.92e+00,
3854,-1.92e+00,
3855,-1.92e+00,
3856,-1.92e+00,
3857,-1.92e+00,
3858,-1.92e+00,
3859,-1.92e+00,
3860,-1.92e+00,
3861,-1.92e+00,
3862,-1.92e+00,
3863,-1.92e+00,
3864,-1.92e+00,
3865,-1.92e+00,
3866,-1.92e+00,
3867,-1.92e+00,
3868,-1.92e+00,
3869,-1.92e+00,
3870,-1.92e+00,
3871,-1.92e+00,
3872,-1.92e+00,
3873,-1.92e+00,
3874,-1.92e+00,
3875,-1.92e+00,
3876,-1.92e+00,
3877,-1.92e+00,
3878,-1.92e+00,
3879,-1.92e+00,
3880,-1.92e+00,
3881,-1.92e+00,
3882,-1.92e+00,
3883,-1.92e+00,
3884,-1.92e+00,
3885,-1.92e+00,
3886,-1.92e+00,
3887,-1.92e+00,
3888,-1.92e+00,
3889,-1.92e+00,
3890,-1.92e+00,
3891,-1.92e+00,
3892,-1.92e+00,
3893,-1.92e+00,
3894,-1.92e+00,
3895,-1.92e+00,
3896,-1.92e+00,
3897,-1.92e+00,
3898,-1.92e+00,
3899,-1.92e+00,
3900,-1.92e+00,
3901,-1.92e+00,
3902,-1.92e+00,
3903,-1.92e+00,
3904,-1.92e+00,
3905,-1.92e+00,
3906,-1.92e+00,
3907,-1.92e+00,
3908,-1.92e+00,
3909,-1.92e+00,
3910,-1.92e+00,
3911,-1.92e+00,
3912,-1.92e+00,
3913,-1.92e+00,
3914,-1.92e+00,
3915,-1.92e+00,
3916,-1.92e+00,
3917,-1.92e+00,
3918,-1.92e+00,
3919,-1.92e+00,
3920,-1.92e+00,
3921,-1.92e+00,
3922,-1.92e+00,
3923,-1.92e+00,
3924,-1.92e+00,
3925,-1.92e+00,
3926,-1.92e+00,
3927,-1.92e+00,
3928,-1.92e+00,
3929,-1.92e+00,
3930,-1.92e+00,
3931,-1.92e+00,
3932,-1.92e+00,
3933,-1.92e+00,
3934,-1.92e+00,
3935,-1.92e+00,
3936,-1.92e+00,
3937,-1.92e+00,
3938,-1.92e+00,
3939,-1.92e+00,
3940,-1.92e+00,
3941,-1.92e+00,
3942,-1.92e+00,
3943,-1.92e+00,
3944,-1.92e+00,
3945,-1.92e+00,
3946,-1.92e+00,
3947,-1.92e+00,
3948,-1.92e+00,
3949,-1.92e+00,
3950,-1.92e+00,
3951,-1.92e+00,
3952,-1.92e+00,
3953,-1.92e+00,
3954,-1.92e+00,
3955,-1.92e+00,
3956,-1.92e+00,
3957,-1.92e+00,
3958,-1.92e+00,
3959,-1.92e+00,
3960,-1.92e+00,
3961,-1.92e+00,
3962,-1.92e+00,
3963,-1.92e+00,
3964,-1.92e+00,
3965,-1.92e+00,
3966,-1.92e+00,
3967,-1.92e+00,
3968,-1.92e+00,
3969,-1.92e+00,
3970,-1.92e+00,
3971,-1.92e+00,
3972,-1.92e+00,
3973,-1.92e+00,
3974,-1.92e+00,
3975,-1.92e+00,
3976,-1.92e+00,
3977,-1.92e+00,
3978,-1.92e+00,
3979,-1.92e+00,
3980,-1.92e+00,
3981,-1.92e+00,
3982,-1.92e+00,
3983,-1.92e+00,
3984,-1.92e+00,
3985,-1.92e+00,
3986,-1.92e+00,
3987,-1.92e+00,
3988,-1.92e+00,
3989,-1.92e+00,
3990,-1.92e+00,
3991,-1.92e+00,
3992,-1.92e+00,
3993,-1.92e+00,
3994,-1.92e+00,
3995,-1.92e+00,
3996,-1.92e+00,
3997,-1.92e+00,
3998,-1.92e+00,
3999,-1.92e+00,
4000,-1.92e+00,
4001,-1.92e+00,
4002,-1.92e+00,
4003,-1.92e+00,
4004,-1.92e+00,
4005,-1.92e+00,
4006,-1.92e+00,
4007,-1.92e+00,
4008,-1.92e+00,
4009,-1.92e+00,
4010,-1.92e+00,
4011,-1.92e+00,
4012,-1.92e+00,
4013,-1.92e+00,
4014,-1.92e+00,
4015,-1.92e+00,
4016,-1.92e+00,
4017,-1.92e+00,
4018,-1.92e+00,
4019,-1.92e+00,
4020,-1.92e+00,
4021,-1.92e+00,
4022,-1.92e+00,
4023,-1.92e+00,
4024,-1.92e+00,
4025,-1.92e+00,
4026,-1.92e+00,
4027,-1.92e+00,
4028,-1.92e+00,
4029,-1.92e+00,
4030,-1.92e+00,
4031,-1.92e+00,
4032,-1.92e+00,
4033,-1.92e+00,
4034,-1.92e+00,
4035,-1.92e+00,
4036,-1.92e+00,
4037,-1.92e+00,
4038,-1.92e+00,
4039,-1.92e+00,
4040,-1.92e+00,
4041,-1.92e+00,
4042,-1.92e+00,
4043,-1.92e+00,
4044,-1.92e+00,
4045,-1.92e+00,
4046,-1.92e+00,
4047,-1.92e+00,
4048,-1.92e+00,
4049,-1.92e+00,
4050,-1.92e+00,
4051,-1.92e+00,
4052,-1.92e+00,
4053,-1.92e+00,
4054,-1.92e+00,
4055,-1.92e+00,
4056,-1.92e+00,
4057,-1.92e+00,
4058,-1.92e+00,
4059,-1.92e+00,
4060,-1.92e+00,
4061,-1.92e+00,
4062,-1.92e+00,
4063,-1.92e+00,
4064,-1.92e+00,
4065,-1.92e+00,
4066,-1.92e+00,
4067,-1.92e+00,
4068,-1.92e+00,
4069,-1.92e+00,
4070,-1.92e+00,
4071,-1.92e+00,
4072,-1.92e+00,
4073,-1.92e+00,
4074,-1.92e+00,
4075,-1.92e+00,
4076,-1.92e+00,
4077,-1.92e+00,
4078,-1.92e+00,
4079,-1.92e+00,
4080,-1.92e+00,
4081,-1.92e+00,
4082,-1.92e+00,
4083,-1.92e+00,
4084,-1.92e+00,
4085,-1.92e+00,
4086,-1.92e+00,
4087,-1.92e+00,
4088,-1.92e+00,
4089,-1.92e+00,
4090,-1.92e+00,
4091,-1.92e+00,
4092,-1.92e+00,
4093,-1.92e+00,
4094,-1.92e+00,
4095,-1.92e+00,
4096,-1.92e+00,
4097,-1.92e+00,
4098,-1.92e+00,
4099,-1.92e+00,
4100,-1.92e+00,
4101,-1.92e+00,
4102,-1.92e+00,
4103,-1.92e+00,
4104,-1.92e+00,
4105,-1.92e+00,
4106,-1.92e+00,
4107,-1.92e+00,
4108,-1.92e+00,
4109,-1.92e+00,
4110,-1.92e+00,
4111,-1.92e+00,
4112,-1.92e+00,
4113,-1.92e+00,
4114,-1.92e+00,
4115,-1.92e+00,
4116,-1.92e+00,
4117,-1.92e+00,
4118,-1.92e+00,
4119,-1.92e+00,
4120,-1.92e+00,
4121,-1.92e+00,
4122,-1.92e+00,
4123,-1.92e+00,
4124,-1.92e+00,
4125,-1.92e+00,
4126,-1.92e+00,
4127,-1.92e+00,
4128,-1.92e+00,
4129,-1.92e+00,
4130,-1.92e+00,
4131,-1.92e+00,
4132,-1.92e+00,
4133,-1.92e+00,
4134,-1.92e+00,
4135,-1.92e+00,
4136,-1.92e+00,
4137,-1.92e+00,
4138,-1.92e+00,
4139,-1.92e+00,
4140,-1.92e+00,
4141,-1.92e+00,
4142,-1.92e+00,
4143,-1.92e+00,
4144,-1.92e+00,
4145,-1.92e+00,
4146,-1.92e+00,
4147,-1.92e+00,
4148,-1.92e+00,
4149,-1.92e+00,
4150,-1.92e+00,
4151,-1.92e+00,
4152,-1.92e+00,
4153,-1.92e+00,
4154,-1.92e+00,
4155,-1.92e+00,
4156,-1.92e+00,
4157,-1.92e+00,
4158,-1.92e+00,
4159,-1.92e+00,
4160,-1.92e+00,
4161,-1.92e+00,
4162,-1.92e+00,
4163,-1.92e+00,
4164,-1.92e+00,
4165,-1.92e+00,
4166,-1.92e+00,
4167,-1.92e+00,
4168,-1.92e+00,
4169,-1.92e+00,
4170,-1.92e+00,
4171,-1.92e+00,
4172,-1.92e+00,
4173,-1.92e+00,
4174,-1.92e+00,
4175,-1.92e+00,
4176,-1.92e+00,
4177,-1.92e+00,
4178,-1.92e+00,
4179,-1.92e+00,
4180,-1.92e+00,
4181,-1.92e+00,
4182,-1.92e+00,
4183,-1.92e+00,
4184,-1.92e+00,
4185,-1.92e+00,
4186,-1.92e+00,
4187,-1.92e+00,
4188,-1.92e+00,
4189,-1.92e+00,
4190,-1.92e+00,
4191,-1.92e+00,
4192,-1.92e+00,
4193,-1.92e+00,
4194,-1.92e+00,
4195,-1.92e+00,
4196,-1.92e+00,
4197,-1.92e+00,
4198,-1.92e+00,
4199,-1.92e+00,
4200,-1.92e+00,
4201,-1.92e+00,
4202,-1.92e+00,
4203,-1.92e+00,
4204,-1.92e+00,
4205,-1.92e+00,
4206,-1.92e+00,
4207,-1.92e+00,
4208,-1.92e+00,
4209,-1.92e+00,
4210,-1.92e+00,
4211,-1.92e+00,
4212,-1.92e+00,
4213,-1.92e+00,
4214,-1.92e+00,
4215,-1.92e+00,
4216,-1.92e+00,
4217,-1.92e+00,
4218,-1.92e+00,
4219,-1.92e+00,
4220,-1.92e+00,
4221,-1.92e+00,
4222,-1.92e+00,
4223,-1.92e+00,
4224,-1.92e+00,
4225,-1.92e+00,
4226,-1.92e+00,
4227,-1.92e+00,
4228,-1.92e+00,
4229,-1.92e+00,
4230,-1.92e+00,
4231,-1.92e+00,
4232,-1.92e+00,
4233,-1.92e+00,
4234,-1.92e+00,
4235,-1.92e+00,
4236,-1.92e+00,
4237,-1.92e+00,
4238,-1.92e+00,
4239,-1.92e+00,
4240,-1.92e+00,
4241,-1.92e+00,
4242,-1.92e+00,
4243,-1.92e+00,
4244,-1.92e+00,
4245,-1.92e+00,
4246,-1.92e+00,
4247,-1.92e+00,
4248,-1.92e+00,
4249,-1.92e+00,
4250,-1.92e+00,
4251,-1.92e+00,
4252,-1.92e+00,
4253,-1.92e+00,
4254,-1.92e+00,
4255,-1.92e+00,
4256,-1.92e+00,
4257,-1.92e+00,
4258,-1.92e+00,
4259,-1.92e+00,
4260,-1.92e+00,
4261,-1.92e+00,
4262,-1.92e+00,
4263,-1.92e+00,
4264,-1.92e+00,
4265,-1.92e+00,
4266,-1.92e+00,
4267,-1.92e+00,
4268,-1.92e+00,
4269,-1.92e+00,
4270,-1.92e+00,
4271,-1.92e+00,
4272,-1.92e+00,
4273,-1.92e+00,
4274,-1.92e+00,
4275,-1.92e+00,
4276,-1.92e+00,
4277,-1.92e+00,
4278,-1.92e+00,
4279,-1.92e+00,
4280,-1.92e+00,
4281,-1.92e+00,
4282,-1.92e+00,
4283,-1.92e+00,
4284,-1.92e+00,
4285,-1.92e+00,
4286,-1.92e+00,
4287,-1.92e+00,
4288,-1.92e+00,
4289,-1.92e+00,
4290,-1.92e+00,
4291,-1.92e+00,
4292,-1.92e+00,
4293,-1.92e+00,
4294,-1.92e+00,
4295,-1.92e+00,
4296,-1.92e+00,
4297,-1.92e+00,
4298,-1.92e+00,
4299,-1.92e+00,
4300,-1.92e+00,
4301,-1.92e+00,
4302,-1.92e+00,
4303,-1.92e+00,
4304,-1.92e+00,
4305,-1.92e+00,
4306,-1.92e+00,
4307,-1.92e+00,
4308,-1.92e+00,
4309,-1.92e+00,
4310,-1.92e+00,
4311,-1.92e+00,
4312,-1.92e+00,
4313,-1.92e+00,
4314,-1.92e+00,
4315,-1.92e+00,
4316,-1.92e+00,
4317,-1.92e+00,
4318,-1.92e+00,
4319,-1.92e+00,
4320,-1.92e+00,
4321,-1.92e+00,
4322,-1.92e+00,
4323,-1.92e+00,
4324,-1.92e+00,
4325,-1.92e+00,
4326,-1.92e+00,
4327,-1.92e+00,
4328,-1.92e+00,
4329,-1.92e+00,
4330,-1.92e+00,
4331,-1.92e+00,
4332,-1.92e+00,
4333,-1.92e+00,
4334,-1.92e+00,
4335,-1.92e+00,
4336,-1.92e+00,
4337,-1.92e+00,
4338,-1.92e+00,
4339,-1.92e+00,
4340,-1.92e+00,
4341,-1.92e+00,
4342,-1.92e+00,
4343,-1.92e+00,
4344,-1.92e+00,
4345,-1.92e+00,
4346,-1.92e+00,
4347,-1.92e+00,
4348,-1.92e+00,
4349,-1.92e+00,
4350,-1.92e+00,
4351,-1.92e+00,
4352,-1.92e+00,
4353,-1.92e+00,
4354,-1.92e+00,
4355,-1.92e+00,
4356,-1.92e+00,
4357,-1.92e+00,
4358,-1.92e+00,
4359,-1.92e+00,
4360,-1.92e+00,
4361,-1.92e+00,
4362,-1.92e+00,
4363,-1.92e+00,
4364,-1.92e+00,
4365,-1.92e+00,
4366,-1.92e+00,
4367,-1.92e+00,
4368,-1.92e+00,
4369,-1.92e+00,
4370,-1.92e+00,
4371,-1.92e+00,
4372,-1.92e+00,
4373,-1.92e+00,
4374,-1.92e+00,
4375,-1.92e+00,
4376,-1.92e+00,
4377,-1.92e+00,
4378,-1.92e+00,
4379,-1.92e+00,
4380,-1.92e+00,
4381,-1.92e+00,
4382,-1.92e+00,
4383,-1.92e+00,
4384,-1.92e+00,
4385,-1.92e+00,
4386,-1.92e+00,
4387,-1.92e+00,
4388,-1.92e+00,
4389,-1.92e+00,
4390,-1.92e+00,
4391,-1.92e+00,
4392,-1.92e+00,
4393,-1.92e+00,
4394,-1.92e+00,
4395,-1.92e+00,
4396,-1.92e+00,
4397,-1.92e+00,
4398,-1.92e+00,
4399,-1.92e+00,
4400,-1.92e+00,
4401,-1.92e+00,
4402,-1.92e+00,
4403,-1.92e+00,
4404,-1.92e+00,
4405,-1.92e+00,
4406,-1.92e+00,
4407,-1.92e+00,
4408,-1.92e+00,
4409,-1.92e+00,
4410,-1.92e+00,
4411,-1.92e+00,
4412,-1.92e+00,
4413,-1.92e+00,
4414,-1.92e+00,
4415,-1.92e+00,
4416,-1.92e+00,
4417,-1.92e+00,
4418,-1.92e+00,
4419,-1.92e+00,
4420,-1.92e+00,
4421,-1.92e+00,
4422,-1.92e+00,
4423,-1.92e+00,
4424,-1.92e+00,
4425,-1.92e+00,
4426,-1.92e+00,
4427,-1.92e+00,
4428,-1.92e+00,
4429,-1.92e+00,
4430,-1.92e+00,
4431,-1.92e+00,
4432,-1.92e+00,
4433,-1.92e+00,
4434,-1.92e+00,
4435,-1.92e+00,
4436,-1.92e+00,
4437,-1.92e+00,
4438,-1.92e+00,
4439,-1.92e+00,
4440,-1.92e+00,
4441,-1.92e+00,
4442,-1.92e+00,
4443,-1.92e+00,
4444,-1.92e+00,
4445,-1.92e+00,
4446,-1.92e+00,
4447,-1.92e+00,
4448,-1.92e+00,
4449,-1.92e+00,
4450,-1.92e+00,
4451,-1.92e+00,
4452,-1.92e+00,
4453,-1.92e+00,
4454,-1.92e+00,
4455,-1.92e+00,
4456,-1.92e+00,
4457,-1.92e+00,
4458,-1.92e+00,
4459,-1.92e+00,
4460,-1.92e+00,
4461,-1.92e+00,
4462,-1.92e+00,
4463,-1.92e+00,
4464,-1.92e+00,
4465,-1.92e+00,
4466,-1.92e+00,
4467,-1.92e+00,
4468,-1.92e+00,
4469,-1.92e+00,
4470,-1.92e+00,
4471,-1.92e+00,
4472,-1.92e+00,
4473,-1.92e+00,
4474,-1.92e+00,
4475,-1.92e+00,
4476,-1.92e+00,
4477,-1.92e+00,
4478,-1.92e+00,
4479,-1.92e+00,
4480,-1.92e+00,
4481,-1.92e+00,
4482,-1.92e+00,
4483,-1.92e+00,
4484,-1.92e+00,
4485,-1.92e+00,
4486,-1.92e+00,
4487,-1.92e+00,
4488,-1.92e+00,
4489,-1.92e+00,
4490,-1.92e+00,
4491,-1.92e+00,
4492,-1.92e+00,
4493,-1.92e+00,
4494,-1.92e+00,
4495,-1.92e+00,
4496,-1.92e+00,
4497,-1.92e+00,
4498,-1.92e+00,
4499,-1.92e+00,
4500,-1.92e+00,
4501,-1.92e+00,
4502,-1.92e+00,
4503,-1.92e+00,
4504,-1.92e+00,
4505,-1.92e+00,
4506,-1.92e+00,
4507,-1.92e+00,
4508,-1.92e+00,
4509,-1.92e+00,
4510,-1.92e+00,
4511,-1.92e+00,
4512,-1.92e+00,
4513,-1.92e+00,
4514,-1.92e+00,
4515,-1.92e+00,
4516,-1.92e+00,
4517,-1.92e+00,
4518,-1.92e+00,
4519,-1.92e+00,
4520,-1.92e+00,
4521,-1.92e+00,
4522,-1.92e+00,
4523,-1.92e+00,
4524,-1.92e+00,
4525,-1.92e+00,
4526,-1.92e+00,
4527,-1.92e+00,
4528,-1.92e+00,
4529,-1.92e+00,
4530,-1.92e+00,
4531,-1.92e+00,
4532,-1.92e+00,
4533,-1.92e+00,
4534,-1.92e+00,
4535,-1.92e+00,
4536,-1.92e+00,
4537,-1.92e+00,
4538,-1.92e+00,
4539,-1.92e+00,
4540,-1.92e+00,
4541,-1.92e+00,
4542,-1.92e+00,
4543,-1.92e+00,
4544,-1.92e+00,
4545,-1.92e+00,
4546,-1.92e+00,
4547,-1.92e+00,
4548,-1.92e+00,
4549,-1.92e+00,
4550,-1.92e+00,
4551,-1.92e+00,
4552,-1.92e+00,
4553,-1.92e+00,
4554,-1.92e+00,
4555,-1.92e+00,
4556,-1.92e+00,
4557,-1.92e+00,
4558,-1.92e+00,
4559,-1.92e+00,
4560,-1.92e+00,
4561,-1.92e+00,
4562,-1.92e+00,
4563,-1.92e+00,
4564,-1.92e+00,
4565,-1.92e+00,
4566,-1.92e+00,
4567,-1.92e+00,
4568,-1.92e+00,
4569,-1.92e+00,
4570,-1.92e+00,
4571,-1.92e+00,
4572,-1.92e+00,
4573,-1.92e+00,
4574,-1.92e+00,
4575,-1.92e+00,
4576,-1.92e+00,
4577,-1.92e+00,
4578,-1.92e+00,
4579,-1.92e+00,
4580,-1.92e+00,
4581,-1.92e+00,
4582,-1.92e+00,
4583,-1.92e+00,
4584,-1.92e+00,
4585,-1.92e+00,
4586,-1.92e+00,
4587,-1.92e+00,
4588,-1.92e+00,
4589,-1.92e+00,
4590,-1.92e+00,
4591,-1.92e+00,
4592,-1.92e+00,
4593,-1.92e+00,
4594,-1.92e+00,
4595,-1.92e+00,
4596,-1.92e+00,
4597,-1.92e+00,
4598,-1.92e+00,
4599,-1.92e+00,
4600,-1.92e+00,
4601,-1.92e+00,
4602,-1.92e+00,
4603,-1.92e+00,
4604,-1.92e+00,
4605,-1.92e+00,
4606,-1.92e+00,
4607,-1.92e+00,
4608,-1.92e+00,
4609,-1.92e+00,
4610,-1.92e+00,
4611,-1.92e+00,
4612,-1.92e+00,
4613,-1.92e+00,
4614,-1.92e+00,
4615,-1.92e+00,
4616,-1.92e+00,
4617,-1.92e+00,
4618,-1.92e+00,
4619,-1.92e+00,
4620,-1.92e+00,
4621,-1.92e+00,
4622,-1.92e+00,
4623,-1.92e+00,
4624,-1.92e+00,
4625,-1.92e+00,
4626,-1.92e+00,
4627,-1.92e+00,
4628,-1.92e+00,
4629,-1.92e+00,
4630,-1.92e+00,
4631,-1.92e+00,
4632,-1.92e+00,
4633,-1.92e+00,
4634,-1.92e+00,
4635,-1.92e+00,
4636,-1.92e+00,
4637,-1.92e+00,
4638,-1.92e+00,
4639,-1.92e+00,
4640,-1.92e+00,
4641,-1.92e+00,
4642,-1.92e+00,
4643,-1.92e+00,
4644,-1.92e+00,
4645,-1.92e+00,
4646,-1.92e+00,
4647,-1.92e+00,
4648,-1.92e+00,
4649,-1.92e+00,
4650,-1.92e+00,
4651,-1.92e+00,
4652,-1.92e+00,
4653,-1.92e+00,
4654,-1.92e+00,
4655,-1.92e+00,
4656,-1.92e+00,
4657,-1.92e+00,
4658,-1.92e+00,
4659,-1.92e+00,
4660,-1.92e+00,
4661,-1.92e+00,
4662,-1.92e+00,
4663,-1.92e+00,
4664,-1.92e+00,
4665,-1.92e+00,
4666,-1.92e+00,
4667,-1.92e+00,
4668,-1.92e+00,
4669,-1.92e+00,
4670,-1.92e+00,
4671,-1.92e+00,
4672,-1.92e+00,
4673,-1.92e+00,
4674,-1.92e+00,
4675,-1.92e+00,
4676,-1.92e+00,
4677,-1.92e+00,
4678,-1.92e+00,
4679,-1.92e+00,
4680,-1.92e+00,
4681,-1.92e+00,
4682,-1.92e+00,
4683,-1.92e+00,
4684,-1.92e+00,
4685,-1.92e+00,
4686,-1.92e+00,
4687,-1.92e+00,
4688,-1.92e+00,
4689,-1.92e+00,
4690,-1.92e+00,
4691,-1.92e+00,
4692,-1.92e+00,
4693,-1.92e+00,
4694,-1.92e+00,
4695,-1.92e+00,
4696,-1.92e+00,
4697,-1.92e+00,
4698,-1.92e+00,
4699,-1.92e+00,
4700,-1.92e+00,
4701,-1.92e+00,
4702,-1.92e+00,
4703,-1.92e+00,
4704,-1.92e+00,
4705,-1.92e+00,
4706,-1.92e+00,
4707,-1.92e+00,
4708,-1.92e+00,
4709,-1.92e+00,
4710,-1.92e+00,
4711,-1.92e+00,
4712,-1.92e+00,
4713,-1.92e+00,
4714,-1.92e+00,
4715,-1.92e+00,
4716,-1.92e+00,
4717,-1.92e+00,
4718,-1.92e+00,
4719,-1.92e+00,
4720,-1.92e+00,
4721,-1.92e+00,
4722,-1.92e+00,
4723,-1.92e+00,
4724,-1.92e+00,
4725,-1.92e+00,
4726,-1.92e+00,
4727,-1.92e+00,
4728,-1.92e+00,
4729,-1.92e+00,
4730,-1.92e+00,
4731,-1.92e+00,
4732,-1.92e+00,
4733,-1.92e+00,
4734,-1.92e+00,
4735,-1.92e+00,
4736,-1.92e+00,
4737,-1.92e+00,
4738,-1.92e+00,
4739,-1.92e+00,
4740,-1.92e+00,
4741,-1.92e+00,
4742,-1.92e+00,
4743,-1.92e+00,
4744,-1.92e+00,
4745,-1.92e+00,
4746,-1.92e+00,
4747,-1.92e+00,
4748,-1.92e+00,
4749,-1.92e+00,
4750,-1.92e+00,
4751,-1.92e+00,
4752,-1.92e+00,
4753,-1.92e+00,
4754,-1.92e+00,
4755,-1.92e+00,
4756,-1.92e+00,
4757,-1.92e+00,
4758,-1.92e+00,
4759,-1.92e+00,
4760,-1.92e+00,
4761,-1.92e+00,
4762,-1.92e+00,
4763,-1.92e+00,
4764,-1.92e+00,
4765,-1.92e+00,
4766,-1.92e+00,
4767,-1.92e+00,
4768,-1.92e+00,
4769,-1.92e+00,
4770,-1.92e+00,
4771,-1.92e+00,
4772,-1.92e+00,
4773,-1.92e+00,
4774,-1.92e+00,
4775,-1.92e+00,
4776,-1.92e+00,
4777,-1.92e+00,
4778,-1.92e+00,
4779,-1.92e+00,
4780,-1.92e+00,
4781,-1.92e+00,
4782,-1.92e+00,
4783,-1.92e+00,
4784,-1.92e+00,
4785,-1.92e+00,
4786,-1.92e+00,
4787,-1.92e+00,
4788,-1.92e+00,
4789,-1.92e+00,
4790,-1.92e+00,
4791,-1.92e+00,
4792,-1.92e+00,
4793,-1.92e+00,
4794,-1.92e+00,
4795,-1.92e+00,
4796,-1.92e+00,
4797,-1.92e+00,
4798,-1.92e+00,
4799,-1.92e+00,
4800,-1.92e+00,
4801,-1.92e+00,
4802,-1.92e+00,
4803,-1.92e+00,
4804,-1.92e+00,
4805,-1.92e+00,
4806,-1.92e+00,
4807,-1.92e+00,
4808,-1.92e+00,
4809,-1.92e+00,
4810,-1.92e+00,
4811,-1.92e+00,
4812,-1.92e+00,
4813,-1.92e+00,
4814,-1.92e+00,
4815,-1.92e+00,
4816,-1.92e+00,
4817,-1.92e+00,
4818,-1.92e+00,
4819,-1.92e+00,
4820,-1.92e+00,
4821,-1.92e+00,
4822,-1.92e+00,
4823,-1.92e+00,
4824,-1.92e+00,
4825,-1.92e+00,
4826,-1.92e+00,
4827,-1.92e+00,
4828,-1.92e+00,
4829,-1.92e+00,
4830,-1.92e+00,
4831,-1.92e+00,
4832,-1.92e+00,
4833,-1.92e+00,
4834,-1.92e+00,
4835,-1.92e+00,
4836,-1.92e+00,
4837,-1.92e+00,
4838,-1.92e+00,
4839,-1.92e+00,
4840,-1.92e+00,
4841,-1.92e+00,
4842,-1.92e+00,
4843,-1.92e+00,
4844,-1.92e+00,
4845,-1.92e+00,
4846,-1.92e+00,
4847,-1.92e+00,
4848,-1.92e+00,
4849,-1.92e+00,
4850,-1.92e+00,
4851,-1.92e+00,
4852,-1.92e+00,
4853,-1.92e+00,
4854,-1.92e+00,
4855,-1.92e+00,
4856,-1.92e+00,
4857,-1.92e+00,
4858,-1.92e+00,
4859,-1.92e+00,
4860,-1.92e+00,
4861,-1.92e+00,
4862,-1.92e+00,
4863,-1.92e+00,
4864,-1.92e+00,
4865,-1.92e+00,
4866,-1.92e+00,
4867,-1.92e+00,
4868,-1.92e+00,
4869,-1.92e+00,
4870,-1.92e+00,
4871,-1.92e+00,
4872,-1.92e+00,
4873,-1.92e+00,
4874,-1.92e+00,
4875,-1.92e+00,
4876,-1.92e+00,
4877,-1.92e+00,
4878,-1.92e+00,
4879,-1.92e+00,
4880,-1.92e+00,
4881,-1.92e+00,
4882,-1.92e+00,
4883,-1.92e+00,
4884,-1.92e+00,
4885,-1.92e+00,
4886,-1.92e+00,
4887,-1.92e+00,
4888,-1.92e+00,
4889,-1.92e+00,
4890,-1.92e+00,
4891,-1.92e+00,
4892,-1.92e+00,
4893,-1.92e+00,
4894,-1.92e+00,
4895,-1.92e+00,
4896,-1.92e+00,
4897,-1.92e+00,
4898,-1.92e+00,
4899,-1.92e+00,
4900,-1.92e+00,
4901,-1.92e+00,
4902,-1.92e+00,
4903,-1.92e+00,
4904,-1.92e+00,
4905,-1.92e+00,
4906,-1.92e+00,
4907,-1.92e+00,
4908,-1.92e+00,
4909,-1.92e+00,
4910,-1.92e+00,
4911,-1.92e+00,
4912,-1.92e+00,
4913,-1.92e+00,
4914,-1.92e+00,
4915,-1.92e+00,
4916,-1.92e+00,
4917,-1.92e+00,
4918,-1.92e+00,
4919,-1.92e+00,
4920,-1.92e+00,
4921,-1.92e+00,
4922,-1.92e+00,
4923,-1.92e+00,
4924,-1.92e+00,
4925,-1.92e+00,
4926,-1.92e+00,
4927,-1.92e+00,
4928,-1.92e+00,
4929,-1.92e+00,
4930,-1.92e+00,
4931,-1.92e+00,
4932,-1.92e+00,
4933,-1.92e+00,
4934,-1.92e+00,
4935,-1.92e+00,
4936,-1.92e+00,
4937,-1.92e+00,
4938,-1.92e+00,
4939,-1.92e+00,
4940,-1.92e+00,
4941,-1.92e+00,
4942,-1.92e+00,
4943,-1.92e+00,
4944,-1.92e+00,
4945,-1.92e+00,
4946,-1.92e+00,
4947,-1.92e+00,
4948,-1.92e+00,
4949,-1.92e+00,
4950,-1.92e+00,
4951,-1.92e+00,
4952,-1.92e+00,
4953,-1.92e+00,
4954,-1.92e+00,
4955,-1.92e+00,
4956,-1.92e+00,
4957,-1.92e+00,
4958,-1.92e+00,
4959,-1.92e+00,
4960,-1.92e+00,
4961,-1.92e+00,
4962,-1.92e+00,
4963,-1.92e+00,
4964,-1.92e+00,
4965,-1.92e+00,
4966,-1.92e+00,
4967,-1.92e+00,
4968,-1.92e+00,
4969,-1.92e+00,
4970,-1.92e+00,
4971,-1.92e+00,
4972,-1.92e+00,
4973,-1.92e+00,
4974,-1.92e+00,
4975,-1.92e+00,
4976,-1.92e+00,
4977,-1.92e+00,
4978,-1.92e+00,
4979,-1.92e+00,
4980,-1.92e+00,
4981,-1.92e+00,
4982,-1.92e+00,
4983,-1.92e+00,
4984,-1.92e+00,
4985,-1.92e+00,
4986,-1.92e+00,
4987,-1.92e+00,
4988,-1.92e+00,
4989,-1.92e+00,
4990,-1.92e+00,
4991,-1.92e+00,
4992,-1.92e+00,
4993,-1.92e+00,
4994,-1.92e+00,
4995,-1.92e+00,
4996,-1.92e+00,
4997,-1.92e+00,
4998,-1.92e+00,
4999,-1.92e+00,
5000,-1.92e+00,
5001,-1.92e+00,
5002,-1.92e+00,
5003,-1.92e+00,
5004,-1.92e+00,
5005,-1.92e+00,
5006,-1.92e+00,
5007,-1.92e+00,
5008,-1.92e+00,
5009,-1.92e+00,
5010,-1.92e+00,
5011,-1.92e+00,
5012,-1.92e+00,
5013,-1.92e+00,
5014,-1.92e+00,
5015,-1.92e+00,
5016,-1.92e+00,
5017,-1.92e+00,
5018,-1.92e+00,
5019,-1.92e+00,
5020,-1.92e+00,
5021,-1.92e+00,
5022,-1.92e+00,
5023,-1.92e+00,
5024,-1.92e+00,
5025,-1.92e+00,
5026,-1.92e+00,
5027,-1.92e+00,
5028,-1.92e+00,
5029,-1.92e+00,
5030,-1.92e+00,
5031,-1.92e+00,
5032,-1.92e+00,
5033,-1.92e+00,
5034,-1.92e+00,
5035,-1.92e+00,
5036,-1.92e+00,
5037,-1.92e+00,
5038,-1.92e+00,
5039,-1.92e+00,
5040,-1.92e+00,
5041,-1.92e+00,
5042,-1.92e+00,
5043,-1.92e+00,
5044,-1.92e+00,
5045,-1.92e+00,
5046,-1.92e+00,
5047,-1.92e+00,
5048,-1.92e+00,
5049,-1.92e+00,
5050,-1.92e+00,
5051,-1.92e+00,
5052,-1.92e+00,
5053,-1.92e+00,
5054,-1.92e+00,
5055,-1.92e+00,
5056,-1.92e+00,
5057,-1.92e+00,
5058,-1.92e+00,
5059,-1.92e+00,
5060,-1.92e+00,
5061,-1.92e+00,
5062,-1.92e+00,
5063,-1.92e+00,
5064,-1.92e+00,
5065,-1.92e+00,
5066,-1.92e+00,
5067,-1.92e+00,
5068,-1.92e+00,
5069,-1.92e+00,
5070,-1.92e+00,
5071,-1.92e+00,
5072,-1.92e+00,
5073,-1.92e+00,
5074,-1.92e+00,
5075,-1.92e+00,
5076,-1.92e+00,
5077,-1.92e+00,
5078,-1.92e+00,
5079,-1.92e+00,
5080,-1.92e+00,
5081,-1.92e+00,
5082,-1.92e+00,
5083,-1.92e+00,
5084,-1.92e+00,
5085,-1.92e+00,
5086,-1.92e+00,
5087,-1.92e+00,
5088,-1.92e+00,
5089,-1.92e+00,
5090,-1.92e+00,
5091,-1.92e+00,
5092,-1.92e+00,
5093,-1.92e+00,
5094,-1.92e+00,
5095,-1.92e+00,
5096,-1.92e+00,
5097,-1.92e+00,
5098,-1.92e+00,
5099,-1.92e+00,
5100,-1.92e+00,
5101,-1.92e+00,
5102,-1.92e+00,
5103,-1.92e+00,
5104,-1.92e+00,
5105,-1.92e+00,
5106,-1.92e+00,
5107,-1.92e+00,
5108,-1.92e+00,
5109,-1.92e+00,
5110,-1.92e+00,
5111,-1.92e+00,
5112,-1.92e+00,
5113,-1.92e+00,
5114,-1.92e+00,
5115,-1.92e+00,
5116,-1.92e+00,
5117,-1.92e+00,
5118,-1.92e+00,
5119,-1.92e+00,
5120,-1.92e+00,
5121,-1.92e+00,
5122,-1.92e+00,
5123,-1.92e+00,
5124,-1.92e+00,
5125,-1.92e+00,
5126,-1.92e+00,
5127,-1.92e+00,
5128,-1.92e+00,
5129,-1.92e+00,
5130,-1.92e+00,
5131,-1.92e+00,
5132,-1.92e+00,
5133,-1.92e+00,
5134,-1.92e+00,
5135,-1.92e+00,
5136,-1.92e+00,
5137,-1.92e+00,
5138,-1.92e+00,
5139,-1.92e+00,
5140,-1.92e+00,
5141,-1.92e+00,
5142,-1.92e+00,
5143,-1.92e+00,
5144,-1.92e+00,
5145,-1.92e+00,
5146,-1.92e+00,
5147,-1.92e+00,
5148,-1.92e+00,
5149,-1.92e+00,
5150,-1.92e+00,
5151,-1.92e+00,
5152,-1.92e+00,
5153,-1.92e+00,
5154,-1.92e+00,
5155,-1.92e+00,
5156,-1.92e+00,
5157,-1.92e+00,
5158,-1.92e+00,
5159,-1.92e+00,
5160,-1.92e+00,
5161,-1.92e+00,
5162,-1.92e+00,
5163,-1.92e+00,
5164,-1.92e+00,
5165,-1.92e+00,
5166,-1.92e+00,
5167,-1.92e+00,
5168,-1.92e+00,
5169,-1.92e+00,
5170,-1.92e+00,
5171,-1.92e+00,
5172,-1.92e+00,
5173,-1.92e+00,
5174,-1.92e+00,
5175,-1.92e+00,
5176,-1.92e+00,
5177,-1.92e+00,
5178,-1.92e+00,
5179,-1.92e+00,
5180,-1.92e+00,
5181,-1.92e+00,
5182,-1.92e+00,
5183,-1.92e+00,
5184,-1.92e+00,
5185,-1.92e+00,
5186,-1.92e+00,
5187,-1.92e+00,
5188,-1.92e+00,
5189,-1.92e+00,
5190,-1.92e+00,
5191,-1.92e+00,
5192,-1.92e+00,
5193,-1.92e+00,
5194,-1.92e+00,
5195,-1.92e+00,
5196,-1.92e+00,
5197,-1.92e+00,
5198,-1.92e+00,
5199,-1.92e+00,
5200,-1.92e+00,
5201,-1.92e+00,
5202,-1.92e+00,
5203,-1.92e+00,
5204,-1.92e+00,
5205,-1.92e+00,
5206,-1.92e+00,
5207,-1.92e+00,
5208,-1.92e+00,
5209,-1.92e+00,
5210,-1.92e+00,
5211,-1.92e+00,
5212,-1.92e+00,
5213,-1.92e+00,
5214,-1.92e+00,
5215,-1.92e+00,
5216,-1.92e+00,
5217,-1.92e+00,
5218,-1.92e+00,
5219,-1.92e+00,
5220,-1.92e+00,
5221,-1.92e+00,
5222,-1.92e+00,
5223,-1.92e+00,
5224,-1.92e+00,
5225,-1.92e+00,
5226,-1.92e+00,
5227,-1.92e+00,
5228,-1.92e+00,
5229,-1.92e+00,
5230,-1.92e+00,
5231,-1.92e+00,
5232,-1.92e+00,
5233,-1.92e+00,
5234,-1.92e+00,
5235,-1.92e+00,
5236,-1.92e+00,
5237,-1.92e+00,
5238,-1.92e+00,
5239,-1.92e+00,
5240,-1.92e+00,
5241,-1.92e+00,
5242,-1.92e+00,
5243,-1.92e+00,
5244,-1.92e+00,
5245,-1.92e+00,
5246,-1.92e+00,
5247,-1.92e+00,
5248,-1.92e+00,
5249,-1.92e+00,
5250,-1.92e+00,
5251,-1.92e+00,
5252,-1.92e+00,
5253,-1.92e+00,
5254,-1.92e+00,
5255,-1.92e+00,
5256,-1.92e+00,
5257,-1.92e+00,
5258,-1.92e+00,
5259,-1.92e+00,
5260,-1.92e+00,
5261,-1.92e+00,
5262,-1.92e+00,
5263,-1.92e+00,
5264,-1.92e+00,
5265,-1.92e+00,
5266,-1.92e+00,
5267,-1.92e+00,
5268,-1.92e+00,
5269,-1.92e+00,
5270,-1.92e+00,
5271,-1.92e+00,
5272,-1.92e+00,
5273,-1.92e+00,
5274,-1.92e+00,
5275,-1.92e+00,
5276,-1.92e+00,
5277,-1.92e+00,
5278,-1.92e+00,
5279,-1.92e+00,
5280,-1.92e+00,
5281,-1.92e+00,
5282,-1.92e+00,
5283,-1.92e+00,
5284,-1.92e+00,
5285,-1.92e+00,
5286,-1.92e+00,
5287,-1.92e+00,
5288,-1.92e+00,
5289,-1.92e+00,
5290,-1.92e+00,
5291,-1.92e+00,
5292,-1.92e+00,
5293,-1.92e+00,
5294,-1.92e+00,
5295,-1.92e+00,
5296,-1.92e+00,
5297,-1.92e+00,
5298,-1.92e+00,
5299,-1.92e+00,
5300,-1.92e+00,
5301,-1.92e+00,
5302,-1.92e+00,
5303,-1.92e+00,
5304,-1.92e+00,
5305,-1.92e+00,
5306,-1.92e+00,
5307,-1.92e+00,
5308,-1.92e+00,
5309,-1.92e+00,
5310,-1.92e+00,
5311,-1.92e+00,
5312,-1.92e+00,
5313,-1.92e+00,
5314,-1.92e+00,
5315,-1.92e+00,
5316,-1.92e+00,
5317,-1.92e+00,
5318,-1.92e+00,
5319,-1.92e+00,
5320,-1.92e+00,
5321,-1.92e+00,
5322,-1.92e+00,
5323,-1.92e+00,
5324,-1.92e+00,
5325,-1.92e+00,
5326,-1.92e+00,
5327,-1.92e+00,
5328,-1.92e+00,
5329,-1.92e+00,
5330,-1.92e+00,
5331,-1.92e+00,
5332,-1.92e+00,
5333,-1.92e+00,
5334,-1.92e+00,
5335,-1.92e+00,
5336,-1.92e+00,
5337,-1.92e+00,
5338,-1.92e+00,
5339,-1.92e+00,
5340,-1.92e+00,
5341,-1.92e+00,
5342,-1.92e+00,
5343,-1.92e+00,
5344,-1.92e+00,
5345,-1.92e+00,
5346,-1.92e+00,
5347,-1.92e+00,
5348,-1.92e+00,
5349,-1.92e+00,
5350,-1.92e+00,
5351,-1.92e+00,
5352,-1.92e+00,
5353,-1.92e+00,
5354,-1.92e+00,
5355,-1.92e+00,
5356,-1.92e+00,
5357,-1.92e+00,
5358,-1.92e+00,
5359,-1.92e+00,
5360,-1.92e+00,
5361,-1.92e+00,
5362,-1.92e+00,
5363,-1.92e+00,
5364,-1.92e+00,
5365,-1.92e+00,
5366,-1.92e+00,
5367,-1.92e+00,
5368,-1.92e+00,
5369,-1.92e+00,
5370,-1.92e+00,
5371,-1.92e+00,
5372,-1.92e+00,
5373,-1.92e+00,
5374,-1.92e+00,
5375,-1.92e+00,
5376,-1.92e+00,
5377,-1.92e+00,
5378,-1.92e+00,
5379,-1.92e+00,
5380,-1.92e+00,
5381,-1.92e+00,
5382,-1.92e+00,
5383,-1.92e+00,
5384,-1.92e+00,
5385,-1.92e+00,
5386,-1.92e+00,
5387,-1.92e+00,
5388,-1.92e+00,
5389,-1.92e+00,
5390,-1.92e+00,
5391,-1.92e+00,
5392,-1.92e+00,
5393,-1.92e+00,
5394,-1.92e+00,
5395,-1.92e+00,
5396,-1.92e+00,
5397,-1.92e+00,
5398,-1.92e+00,
5399,-1.92e+00,
5400,-1.92e+00,
5401,-1.92e+00,
5402,-1.92e+00,
5403,-1.92e+00,
5404,-1.92e+00,
5405,-1.92e+00,
5406,-1.92e+00,
5407,-1.92e+00,
5408,-1.92e+00,
5409,-1.92e+00,
5410,-1.92e+00,
5411,-1.92e+00,
5412,-1.92e+00,
5413,-1.92e+00,
5414,-1.92e+00,
5415,-1.92e+00,
5416,-1.92e+00,
5417,-1.92e+00,
5418,-1.92e+00,
5419,-1.92e+00,
5420,-1.92e+00,
5421,-1.92e+00,
5422,-1.92e+00,
5423,-1.92e+00,
5424,-1.92e+00,
5425,-1.92e+00,
5426,-1.92e+00,
5427,-1.92e+00,
5428,-1.92e+00,
5429,-1.92e+00,
5430,-1.92e+00,
5431,-1.92e+00,
5432,-1.92e+00,
5433,-1.92e+00,
5434,-1.92e+00,
5435,-1.92e+00,
5436,-1.92e+00,
5437,-1.92e+00,
5438,-1.92e+00,
5439,-1.92e+00,
5440,-1.92e+00,
5441,-1.92e+00,
5442,-1.92e+00,
5443,-1.92e+00,
5444,-1.92e+00,
5445,-1.92e+00,
5446,-1.92e+00,
5447,-1.92e+00,
5448,-1.92e+00,
5449,-1.92e+00,
5450,-1.92e+00,
5451,-1.92e+00,
5452,-1.92e+00,
5453,-1.92e+00,
5454,-1.92e+00,
5455,-1.92e+00,
5456,-1.92e+00,
5457,-1.92e+00,
5458,-1.92e+00,
5459,-1.92e+00,
5460,-1.92e+00,
5461,-1.92e+00,
5462,-1.92e+00,
5463,-1.92e+00,
5464,-1.92e+00,
5465,-1.92e+00,
5466,-1.92e+00,
5467,-1.92e+00,
5468,-1.92e+00,
5469,-1.92e+00,
5470,-1.92e+00,
5471,-1.92e+00,
5472,-1.92e+00,
5473,-1.92e+00,
5474,-1.92e+00,
5475,-1.92e+00,
5476,-1.92e+00,
5477,-1.92e+00,
5478,-1.92e+00,
5479,-1.92e+00,
5480,-1.92e+00,
5481,-1.92e+00,
5482,-1.92e+00,
5483,-1.92e+00,
5484,-1.92e+00,
5485,-1.92e+00,
5486,-1.92e+00,
5487,-1.92e+00,
5488,-1.92e+00,
5489,-1.92e+00,
5490,-1.92e+00,
5491,-1.92e+00,
5492,-1.92e+00,
5493,-1.92e+00,
5494,-1.92e+00,
5495,-1.92e+00,
5496,-1.92e+00,
5497,-1.92e+00,
5498,-1.92e+00,
5499,-1.92e+00,
5500,-1.92e+00,
5501,-1.92e+00,
5502,-1.92e+00,
5503,-1.92e+00,
5504,-1.92e+00,
5505,-1.92e+00,
5506,-1.92e+00,
5507,-1.92e+00,
5508,-1.92e+00,
5509,-1.92e+00,
5510,-1.92e+00,
5511,-1.92e+00,
5512,-1.92e+00,
5513,-1.92e+00,
5514,-1.92e+00,
5515,-1.92e+00,
5516,-1.92e+00,
5517,-1.92e+00,
5518,-1.92e+00,
5519,-1.92e+00,
5520,-1.92e+00,
5521,-1.92e+00,
5522,-1.92e+00,
5523,-1.92e+00,
5524,-1.92e+00,
5525,-1.92e+00,
5526,-1.92e+00,
5527,-1.92e+00,
5528,-1.92e+00,
5529,-1.92e+00,
5530,-1.92e+00,
5531,-1.92e+00,
5532,-1.92e+00,
5533,-1.92e+00,
5534,-1.92e+00,
5535,-1.92e+00,
5536,-1.92e+00,
5537,-1.92e+00,
5538,-1.92e+00,
5539,-1.92e+00,
5540,-1.92e+00,
5541,-1.92e+00,
5542,-1.92e+00,
5543,-1.92e+00,
5544,-1.92e+00,
5545,-1.92e+00,
5546,-1.92e+00,
5547,-1.92e+00,
5548,-1.92e+00,
5549,-1.92e+00,
5550,-1.92e+00,
5551,-1.92e+00,
5552,-1.92e+00,
5553,-1.92e+00,
5554,-1.92e+00,
5555,-1.92e+00,
5556,-1.92e+00,
5557,-1.92e+00,
5558,-1.92e+00,
5559,-1.92e+00,
5560,-1.92e+00,
5561,-1.92e+00,
5562,-1.92e+00,
5563,-1.92e+00,
5564,-1.92e+00,
5565,-1.92e+00,
5566,-1.92e+00,
5567,-1.92e+00,
5568,-1.92e+00,
5569,-1.92e+00,
5570,-1.92e+00,
5571,-1.92e+00,
5572,-1.92e+00,
5573,-1.92e+00,
5574,-1.92e+00,
5575,-1.92e+00,
5576,-1.92e+00,
5577,-1.92e+00,
5578,-1.92e+00,
5579,-1.92e+00,
5580,-1.92e+00,
5581,-1.92e+00,
5582,-1.92e+00,
5583,-1.92e+00,
5584,-1.92e+00,
5585,-1.92e+00,
5586,-1.92e+00,
5587,-1.92e+00,
5588,-1.92e+00,
5589,-1.92e+00,
5590,-1.92e+00,
5591,-1.92e+00,
5592,-1.92e+00,
5593,-1.92e+00,
5594,-1.92e+00,
5595,-1.92e+00,
5596,-1.92e+00,
5597,-1.92e+00,
5598,-1.92e+00,
5599,-1.92e+00,
5600,-1.92e+00,
5601,-1.92e+00,
5602,-1.92e+00,
5603,-1.92e+00,
5604,-1.92e+00,
5605,-1.92e+00,
5606,-1.92e+00,
5607,-1.92e+00,
5608,-1.92e+00,
5609,-1.92e+00,
5610,-1.92e+00,
5611,-1.92e+00,
5612,-1.92e+00,
5613,-1.92e+00,
5614,-1.92e+00,
5615,-1.92e+00,
5616,-1.92e+00,
5617,-1.92e+00,
5618,-1.92e+00,
5619,-1.92e+00,
5620,-1.92e+00,
5621,-1.92e+00,
5622,-1.92e+00,
5623,-1.92e+00,
5624,-1.92e+00,
5625,-1.92e+00,
5626,-1.92e+00,
5627,-1.92e+00,
5628,-1.92e+00,
5629,-1.92e+00,
5630,-1.92e+00,
5631,-1.92e+00,
5632,-1.92e+00,
5633,-1.92e+00,
5634,-1.92e+00,
5635,-1.92e+00,
5636,-1.92e+00,
5637,-1.92e+00,
5638,-1.92e+00,
5639,-1.92e+00,
5640,-1.92e+00,
5641,-1.92e+00,
5642,-1.92e+00,
5643,-1.92e+00,
5644,-1.92e+00,
5645,-1.92e+00,
5646,-1.92e+00,
5647,-1.92e+00,
5648,-1.92e+00,
5649,-1.92e+00,
5650,-1.92e+00,
5651,-1.92e+00,
5652,-1.92e+00,
5653,-1.92e+00,
5654,-1.92e+00,
5655,-1.92e+00,
5656,-1.92e+00,
5657,-1.92e+00,
5658,-1.92e+00,
5659,-1.92e+00,
5660,-1.92e+00,
5661,-1.92e+00,
5662,-1.92e+00,
5663,-1.92e+00,
5664,-1.92e+00,
5665,-1.92e+00,
5666,-1.92e+00,
5667,-1.92e+00,
5668,-1.92e+00,
5669,-1.92e+00,
5670,-1.92e+00,
5671,-1.92e+00,
5672,-1.92e+00,
5673,-1.92e+00,
5674,-1.92e+00,
5675,-1.92e+00,
5676,-1.92e+00,
5677,-1.92e+00,
5678,-1.92e+00,
5679,-1.92e+00,
5680,-1.92e+00,
5681,-1.92e+00,
5682,-1.92e+00,
5683,-1.92e+00,
5684,-1.92e+00,
5685,-1.92e+00,
5686,-1.92e+00,
5687,-1.92e+00,
5688,-1.92e+00,
5689,-1.92e+00,
5690,-1.92e+00,
5691,-1.92e+00,
5692,-1.92e+00,
5693,-1.92e+00,
5694,-1.92e+00,
5695,-1.92e+00,
5696,-1.92e+00,
5697,-1.92e+00,
5698,-1.92e+00,
5699,-1.92e+00,
5700,-1.92e+00,
5701,-1.92e+00,
5702,-1.92e+00,
5703,-1.92e+00,
5704,-1.92e+00,
5705,-1.92e+00,
5706,-1.92e+00,
5707,-1.92e+00,
5708,-1.92e+00,
5709,-1.92e+00,
5710,-1.92e+00,
5711,-1.92e+00,
5712,-1.92e+00,
5713,-1.92e+00,
5714,-1.92e+00,
5715,-1.92e+00,
5716,-1.92e+00,
5717,-1.92e+00,
5718,-1.92e+00,
5719,-1.92e+00,
5720,-1.92e+00,
5721,-1.92e+00,
5722,-1.92e+00,
5723,-1.92e+00,
5724,-1.92e+00,
5725,-1.92e+00,
5726,-1.92e+00,
5727,-1.92e+00,
5728,-1.92e+00,
5729,-1.92e+00,
5730,-1.92e+00,
5731,-1.92e+00,
5732,-1.92e+00,
5733,-1.92e+00,
5734,-1.92e+00,
5735,-1.92e+00,
5736,-1.92e+00,
5737,-1.92e+00,
5738,-1.92e+00,
5739,-1.92e+00,
5740,-1.92e+00,
5741,-1.92e+00,
5742,-1.92e+00,
5743,-1.92e+00,
5744,-1.92e+00,
5745,-1.92e+00,
5746,-1.92e+00,
5747,-1.92e+00,
5748,-1.92e+00,
5749,-1.92e+00,
5750,-1.92e+00,
5751,-1.92e+00,
5752,-1.92e+00,
5753,-1.92e+00,
5754,-1.92e+00,
5755,-1.92e+00,
5756,-1.92e+00,
5757,-1.92e+00,
5758,-1.92e+00,
5759,-1.92e+00,
5760,-1.92e+00,
5761,-1.92e+00,
5762,-1.92e+00,
5763,-1.92e+00,
5764,-1.92e+00,
5765,-1.92e+00,
5766,-1.92e+00,
5767,-1.92e+00,
5768,-1.92e+00,
5769,-1.92e+00,
5770,-1.92e+00,
5771,-1.92e+00,
5772,-1.92e+00,
5773,-1.92e+00,
5774,-1.92e+00,
5775,-1.92e+00,
5776,-1.92e+00,
5777,-1.92e+00,
5778,-1.92e+00,
5779,-1.92e+00,
5780,-1.92e+00,
5781,-1.92e+00,
5782,-1.92e+00,
5783,-1.92e+00,
5784,-1.92e+00,
5785,-1.92e+00,
5786,-1.92e+00,
5787,-1.92e+00,
5788,-1.92e+00,
5789,-1.92e+00,
5790,-1.92e+00,
5791,-1.92e+00,
5792,-1.92e+00,
5793,-1.92e+00,
5794,-1.92e+00,
5795,-1.92e+00,
5796,-1.92e+00,
5797,-1.92e+00,
5798,-1.92e+00,
5799,-1.92e+00,
5800,-1.92e+00,
5801,-1.92e+00,
5802,-1.92e+00,
5803,-1.92e+00,
5804,-1.92e+00,
5805,-1.92e+00,
5806,-1.92e+00,
5807,-1.92e+00,
5808,-1.92e+00,
5809,-1.92e+00,
5810,-1.92e+00,
5811,-1.92e+00,
5812,-1.92e+00,
5813,-1.92e+00,
5814,-1.92e+00,
5815,-1.92e+00,
5816,-1.92e+00,
5817,-1.92e+00,
5818,-1.92e+00,
5819,-1.92e+00,
5820,-1.92e+00,
5821,-1.92e+00,
5822,-1.92e+00,
5823,-1.92e+00,
5824,-1.92e+00,
5825,-1.92e+00,
5826,-1.92e+00,
5827,-1.92e+00,
5828,-1.92e+00,
5829,-1.92e+00,
5830,-1.92e+00,
5831,-1.92e+00,
5832,-1.92e+00,
5833,-1.92e+00,
5834,-1.92e+00,
5835,-1.92e+00,
5836,-1.92e+00,
5837,-1.92e+00,
5838,-1.92e+00,
5839,-1.92e+00,
5840,-1.92e+00,
5841,-1.92e+00,
5842,-1.92e+00,
5843,-1.92e+00,
5844,-1.92e+00,
5845,-1.92e+00,
5846,-1.92e+00,
5847,-1.92e+00,
5848,-1.92e+00,
5849,-1.92e+00,
5850,-1.92e+00,
5851,-1.92e+00,
5852,-1.92e+00,
5853,-1.92e+00,
5854,-1.92e+00,
5855,-1.92e+00,
5856,-1.92e+00,
5857,-1.92e+00,
5858,-1.92e+00,
5859,-1.92e+00,
5860,-1.92e+00,
5861,-1.92e+00,
5862,-1.92e+00,
5863,-1.92e+00,
5864,-1.92e+00,
5865,-1.92e+00,
5866,-1.92e+00,
5867,-1.92e+00,
5868,-1.92e+00,
5869,-1.92e+00,
5870,-1.92e+00,
5871,-1.92e+00,
5872,-1.92e+00,
5873,-1.92e+00,
5874,-1.92e+00,
5875,-1.92e+00,
5876,-1.92e+00,
5877,-1.92e+00,
5878,-1.92e+00,
5879,-1.92e+00,
5880,-1.92e+00,
5881,-1.92e+00,
5882,-1.92e+00,
5883,-1.92e+00,
5884,-1.92e+00,
5885,-1.92e+00,
5886,-1.92e+00,
5887,-1.92e+00,
5888,-1.92e+00,
5889,-1.92e+00,
5890,-1.92e+00,
5891,-1.92e+00,
5892,-1.92e+00,
5893,-1.92e+00,
5894,-1.92e+00,
5895,-1.92e+00,
5896,-1.92e+00,
5897,-1.92e+00,
5898,-1.92e+00,
5899,-1.92e+00,
5900,-1.92e+00,
5901,-1.92e+00,
5902,-1.92e+00,
5903,-1.92e+00,
5904,-1.92e+00,
5905,-1.92e+00,
5906,-1.92e+00,
5907,-1.92e+00,
5908,-1.92e+00,
5909,-1.92e+00,
5910,-1.92e+00,
5911,-1.92e+00,
5912,-1.92e+00,
5913,-1.92e+00,
5914,-1.92e+00,
5915,-1.92e+00,
5916,-1.92e+00,
5917,-1.92e+00,
5918,-1.92e+00,
5919,-1.92e+00,
5920,-1.92e+00,
5921,-1.92e+00,
5922,-1.92e+00,
5923,-1.92e+00,
5924,-1.92e+00,
5925,-1.92e+00,
5926,-1.92e+00,
5927,-1.92e+00,
5928,-1.92e+00,
5929,-1.92e+00,
5930,-1.92e+00,
5931,-1.92e+00,
5932,-1.92e+00,
5933,-1.92e+00,
5934,-1.92e+00,
5935,-1.92e+00,
5936,-1.92e+00,
5937,-1.92e+00,
5938,-1.92e+00,
5939,-1.92e+00,
5940,-1.92e+00,
5941,-1.92e+00,
5942,-1.92e+00,
5943,-1.92e+00,
5944,-1.92e+00,
5945,-1.92e+00,
5946,-1.92e+00,
5947,-1.92e+00,
5948,-1.92e+00,
5949,-1.92e+00,
5950,-1.92e+00,
5951,-1.92e+00,
5952,-1.92e+00,
5953,-1.92e+00,
5954,-1.92e+00,
5955,-1.92e+00,
5956,-1.92e+00,
5957,-1.92e+00,
5958,-1.92e+00,
5959,-1.92e+00,
5960,-1.92e+00,
5961,-1.92e+00,
5962,-1.92e+00,
5963,-1.92e+00,
5964,-1.92e+00,
5965,-1.92e+00,
5966,-1.92e+00,
5967,-1.92e+00,
5968,-1.92e+00,
5969,-1.92e+00,
5970,-1.92e+00,
5971,-1.92e+00,
5972,-1.92e+00,
5973,-1.92e+00,
5974,-1.92e+00,
5975,-1.92e+00,
5976,-1.92e+00,
5977,-1.92e+00,
5978,-1.92e+00,
5979,-1.92e+00,
5980,-1.92e+00,
5981,-1.92e+00,
5982,-1.92e+00,
5983,-1.92e+00,
5984,-1.92e+00,
5985,-1.92e+00,
5986,-1.92e+00,
5987,-1.92e+00,
5988,-1.92e+00,
5989,-1.92e+00,
5990,-1.92e+00,
5991,-1.92e+00,
5992,-1.92e+00,
5993,-1.92e+00,
5994,-1.92e+00,
5995,-1.92e+00,
5996,-1.92e+00,
5997,-1.92e+00,
5998,-1.92e+00,
5999,-1.92e+00,
